productId,avg_rating,avg_sentiment_amazon,avg_sentiment_imdb_es,avg_sentiment_acl,n_reviews
0310582792,5.0,1.0,1.0,1.0,1
073600193X,5.0,1.0,0.3333333333333333,0.3333333333333333,3
0764004492,4.333333333333333,1.0,0.3333333333333333,0.3333333333333333,3
0767002652,4.75,1.0,1.0,1.0,24
076780046X,4.609375,1.0,0.9375,0.9375,64
0767805534,4.016129032258065,0.8467741935483871,0.8064516129032258,0.8064516129032258,124
0767825454,1.0,0.0,1.0,1.0,1
0767845234,2.4,0.5,0.2,0.2,10
078401115X,4.541176470588235,0.9882352941176471,0.9411764705882353,0.9411764705882353,85
0784011532,3.807017543859649,0.9122807017543859,0.40350877192982454,0.40350877192982454,57
0788600222,4.416666666666667,0.9166666666666666,0.75,0.75,12
0790701251,4.298412698412698,0.9238095238095239,0.8507936507936508,0.8507936507936508,315
0790732033,4.5675675675675675,0.972972972972973,0.972972972972973,0.972972972972973,37
0790733382,3.53125,0.8125,0.5,0.5,32
0790747324,4.751322751322752,0.9947089947089947,0.8306878306878307,0.8306878306878307,189
0790750708,4.279411764705882,0.8823529411764706,0.7941176470588235,0.7941176470588235,68
0792151712,4.1,0.8,0.7,0.7,10
0792845773,4.5,1.0,0.8333333333333334,0.8333333333333334,24
0793903335,4.5,1.0,1.0,1.0,4
0793927560,5.0,1.0,1.0,1.0,1
0800103688,4.3896103896103895,0.987012987012987,0.8441558441558441,0.8441558441558441,77
0800126033,4.5,1.0,1.0,1.0,12
0849986737,5.0,1.0,1.0,1.0,1
0934837120,5.0,1.0,1.0,1.0,2
0940871491,3.0,1.0,1.0,1.0,1
0955766818,4.0,1.0,1.0,1.0,1
0963199668,4.0,1.0,0.0,0.0,1
0966012224,5.0,1.0,1.0,1.0,1
0966199464,4.0,1.0,1.0,1.0,1
0967877709,5.0,1.0,1.0,1.0,2
0971052204,5.0,1.0,0.0,0.0,1
1557832854,3.739130434782609,0.8260869565217391,0.9130434782608695,0.9130434782608695,23
1561270636,4.666666666666667,1.0,1.0,1.0,3
1562229567,5.0,1.0,1.0,1.0,1
1567301193,4.666666666666667,0.9333333333333333,0.9333333333333333,0.9333333333333333,15
1569312486,4.0,1.0,1.0,1.0,2
1569381704,4.75,1.0,0.5,0.5,4
1570762589,4.333333333333333,0.8888888888888888,0.6666666666666666,0.6666666666666666,9
1571884327,5.0,1.0,0.5,0.5,2
1572525835,3.0,1.0,1.0,1.0,1
1573470937,5.0,1.0,0.0,0.0,1
1573624152,2.6666666666666665,0.6666666666666666,0.3333333333333333,0.3333333333333333,3
1578072123,5.0,1.0,1.0,1.0,3
1585651788,2.5,0.5,0.0,0.0,2
1888617047,5.0,1.0,1.0,1.0,3
1891664026,5.0,1.0,1.0,1.0,1
1892649039,5.0,1.0,1.0,1.0,1
1931046972,5.0,1.0,0.0,0.0,1
5550111950,5.0,1.0,1.0,1.0,5
5553600715,4.335078534031414,0.9293193717277487,0.756544502617801,0.756544502617801,382
5554663931,4.0,1.0,1.0,1.0,1
5555223870,5.0,1.0,1.0,1.0,2
5555292082,4.333333333333333,0.9166666666666666,0.9166666666666666,0.9166666666666666,36
5556167281,4.7730263157894735,0.9769736842105263,0.9177631578947368,0.9177631578947368,304
6300133648,4.0,1.0,1.0,1.0,3
6300135233,5.0,1.0,1.0,1.0,2
6300142299,5.0,1.0,1.0,1.0,1
6300147967,4.868421052631579,1.0,0.9473684210526315,0.9473684210526315,38
6300157423,4.0,1.0,1.0,1.0,2
6300182150,4.401162790697675,0.8953488372093024,0.6511627906976745,0.6511627906976745,172
6300186075,2.0,0.0,1.0,1.0,1
6300207978,2.2,0.6,1.0,1.0,5
6300208397,5.0,1.0,1.0,1.0,2
6300213056,4.0,1.0,1.0,1.0,1
6300213153,4.333333333333333,1.0,1.0,1.0,3
6300215067,5.0,1.0,0.3333333333333333,0.3333333333333333,3
6300215857,4.777777777777778,0.9444444444444444,1.0,1.0,18
6300218767,4.0,1.0,1.0,1.0,1
6300233316,4.0,1.0,1.0,1.0,1
6300246299,3.5,1.0,0.5,0.5,2
630024847X,5.0,1.0,1.0,1.0,7
6300266850,3.4285714285714284,0.8571428571428571,0.2857142857142857,0.2857142857142857,7
6300268918,4.071428571428571,0.8571428571428571,0.7857142857142857,0.7857142857142857,14
6300276554,4.2631578947368425,0.8421052631578947,0.8947368421052632,0.8947368421052632,19
6301007638,4.0,0.75,1.0,1.0,4
6301045734,4.888888888888889,1.0,0.8888888888888888,0.8888888888888888,9
6301053044,2.0,0.0,0.0,0.0,1
6301092643,5.0,1.0,1.0,1.0,2
6301173147,5.0,1.0,1.0,1.0,1
6301248546,4.0,1.0,0.0,0.0,1
6301303016,4.391304347826087,0.9565217391304348,0.9130434782608695,0.9130434782608695,23
6301325842,3.0,1.0,1.0,1.0,1
6301367189,5.0,1.0,1.0,1.0,1
6301387090,4.294117647058823,0.9117647058823529,0.9117647058823529,0.9117647058823529,34
6301415833,4.6,0.95,0.8,0.8,20
630156443X,3.75,0.75,1.0,1.0,4
6301576152,4.125,1.0,0.375,0.375,8
6301581598,3.0,0.75,0.5,0.5,4
6301630688,3.5,0.8,0.9333333333333333,0.9333333333333333,30
6301661869,3.5,0.5,0.0,0.0,2
6301699599,4.184210526315789,0.8631578947368421,0.8052631578947368,0.8052631578947368,190
6301723465,2.1666666666666665,0.4444444444444444,0.2777777777777778,0.2777777777777778,18
6301798708,4.224137931034483,0.8793103448275862,0.9655172413793104,0.9655172413793104,58
6301801431,3.6,0.8,0.8,0.8,5
6301813855,4.76,0.96,0.92,0.92,25
630187837X,5.0,1.0,0.0,0.0,1
6301882741,5.0,1.0,0.0,0.0,1
630188437X,5.0,1.0,1.0,1.0,1
6301885597,4.0,1.0,1.0,1.0,1
6301901274,3.0,0.6,0.4,0.4,5
6301928334,3.914285714285714,0.7714285714285715,0.5714285714285714,0.5714285714285714,35
6301931629,4.955555555555556,1.0,0.9777777777777777,0.9777777777777777,45
6301966422,4.4375,1.0,0.8125,0.8125,16
6301966961,4.666666666666667,1.0,0.6666666666666666,0.6666666666666666,3
6301967917,4.2,0.96,0.92,0.92,25
6301971493,4.666666666666667,1.0,0.8333333333333334,0.8333333333333334,6
6301976029,3.911764705882353,0.9117647058823529,0.8529411764705882,0.8529411764705882,34
6301979656,4.0,1.0,1.0,1.0,1
6302066980,5.0,1.0,1.0,1.0,1
630207505X,3.5,0.5,0.5,0.5,2
6302091594,4.222222222222222,1.0,1.0,1.0,9
6302139724,3.0,0.6666666666666666,1.0,1.0,3
6302149525,4.0,1.0,1.0,1.0,1
6302179661,4.0,1.0,1.0,1.0,2
6302181585,4.333333333333333,1.0,1.0,1.0,3
6302232163,4.0,1.0,1.0,1.0,1
6302241359,3.2,0.6,0.4,0.4,5
6302373352,5.0,1.0,1.0,1.0,2
6302405688,4.166666666666667,0.9166666666666666,1.0,1.0,12
6302405939,4.15625,0.921875,0.828125,0.828125,64
630243940X,4.315789473684211,0.8947368421052632,0.631578947368421,0.631578947368421,38
6302458900,4.66,0.96,0.86,0.86,50
6302464927,3.0,1.0,1.0,1.0,1
6302510163,4.0,1.0,1.0,1.0,1
6302518296,4.571428571428571,1.0,0.7142857142857143,0.7142857142857143,7
6302533244,5.0,1.0,1.0,1.0,1
6302571944,5.0,1.0,0.0,0.0,1
630259751X,4.625,1.0,0.9375,0.9375,16
6302599687,5.0,1.0,1.0,1.0,1
6302643651,3.4285714285714284,0.7142857142857143,0.7142857142857143,0.7142857142857143,7
6302650488,3.0,0.5,1.0,1.0,2
6302686679,4.0,1.0,1.0,1.0,1
6302717329,3.2222222222222223,0.8888888888888888,0.6666666666666666,0.6666666666666666,9
6302719429,4.6,1.0,1.0,1.0,5
6302722055,4.571428571428571,1.0,0.14285714285714285,0.14285714285714285,7
6302739896,3.5,1.0,0.5,0.5,2
6302739918,3.6666666666666665,1.0,0.6666666666666666,0.6666666666666666,3
6302744520,4.533333333333333,1.0,1.0,1.0,15
6302760046,5.0,1.0,1.0,1.0,1
6302761298,4.3076923076923075,1.0,0.7692307692307693,0.7692307692307693,13
6302783305,5.0,1.0,1.0,1.0,1
6302790026,5.0,1.0,1.0,1.0,1
6302806240,2.5,0.5,0.0,0.0,2
6302859433,5.0,1.0,1.0,1.0,1
6302918928,2.0,0.0,1.0,1.0,1
630294662X,3.8333333333333335,1.0,0.8333333333333334,0.8333333333333334,6
6302949041,5.0,1.0,0.6666666666666666,0.6666666666666666,3
6302958741,4.0,1.0,1.0,1.0,1
6302965195,5.0,1.0,1.0,1.0,4
6302999014,4.0,1.0,1.0,1.0,1
6303014798,4.444444444444445,1.0,1.0,1.0,9
6303031498,5.0,1.0,1.0,1.0,1
6303037569,5.0,1.0,1.0,1.0,1
6303039405,3.8518518518518516,0.9012345679012346,0.9629629629629629,0.9629629629629629,81
6303079792,4.620689655172414,1.0,0.8620689655172413,0.8620689655172413,29
6303111734,5.0,1.0,1.0,1.0,1
6303149073,1.0,0.0,0.0,0.0,1
6303149405,4.230769230769231,1.0,0.8076923076923077,0.8076923076923077,26
6303154735,3.2,0.6,0.2,0.2,5
6303160565,3.4,0.7,0.75,0.75,20
6303182488,4.666666666666667,1.0,0.6666666666666666,0.6666666666666666,3
6303257933,4.413333333333333,0.9266666666666666,0.6466666666666666,0.6466666666666666,150
6303269680,4.2,1.0,0.6,0.6,10
6303293670,5.0,1.0,1.0,1.0,1
6303341098,4.0,1.0,1.0,1.0,1
6303343635,4.0,1.0,1.0,1.0,1
6303356699,4.0,1.0,1.0,1.0,2
6303359329,5.0,1.0,0.0,0.0,1
6303386326,4.25,1.0,0.625,0.625,8
6303454488,4.45,1.0,0.9,0.9,20
6303464572,4.5,1.0,0.8333333333333334,0.8333333333333334,6
6303467245,4.666666666666667,1.0,0.3333333333333333,0.3333333333333333,3
6303495567,4.0,1.0,1.0,1.0,3
6303514723,3.6875,0.8125,0.375,0.375,64
630354472X,4.5,1.0,0.5,0.5,2
6303561284,2.5,0.5,0.5,0.5,2
630356254X,3.7096774193548385,0.8387096774193549,0.7419354838709677,0.7419354838709677,31
6303579485,1.6666666666666667,0.3333333333333333,0.0,0.0,3
6303593593,4.586206896551724,1.0,0.9655172413793104,0.9655172413793104,29
6303628389,4.0,1.0,1.0,1.0,1
6303704840,3.75,0.75,0.75,0.75,4
6303864716,3.5,1.0,1.0,1.0,2
6303890334,4.0,1.0,0.6,0.6,10
6303928455,3.5,1.0,0.0,0.0,2
6303955746,3.6666666666666665,0.6666666666666666,0.0,0.0,3
6303968902,5.0,1.0,1.0,1.0,1
630399654X,4.594936708860759,0.9620253164556962,0.8227848101265823,0.8227848101265823,79
6303998690,3.5,0.9,0.05,0.05,20
6304005512,4.777777777777778,1.0,0.7333333333333333,0.7333333333333333,90
6304031831,2.933333333333333,0.5666666666666667,0.4666666666666667,0.4666666666666667,30
630403945X,3.6666666666666665,1.0,1.0,1.0,3
6304040164,3.8,0.8,0.0,0.0,5
6304091338,4.419354838709677,0.967741935483871,0.9032258064516129,0.9032258064516129,31
6304092083,4.5,1.0,1.0,1.0,2
6304095775,3.25,0.75,0.75,0.75,4
6304107161,4.5,1.0,0.5,0.5,4
6304107242,3.2,0.72,0.44,0.44,25
6304170408,4.666666666666667,0.9393939393939394,0.7272727272727273,0.7272727272727273,33
6304173083,4.666666666666667,1.0,1.0,1.0,3
6304179499,4.6415094339622645,0.9811320754716981,0.7924528301886793,0.7924528301886793,53
6304204019,3.642857142857143,0.7857142857142857,0.42857142857142855,0.42857142857142855,14
6304239343,4.5,1.0,1.0,1.0,14
6304276958,4.0,1.0,1.0,1.0,1
6304277490,4.5,1.0,0.5,0.5,2
6304286961,3.9523809523809526,0.8299319727891157,0.8707482993197279,0.8707482993197279,147
6304288115,4.019607843137255,0.803921568627451,0.8235294117647058,0.8235294117647058,51
6304288875,5.0,1.0,1.0,1.0,1
630436119X,3.5555555555555554,0.8333333333333334,0.5,0.5,18
6304366035,4.410958904109589,0.9178082191780822,0.9178082191780822,0.9178082191780822,73
6304455992,4.2,1.0,0.6,0.6,5
6304462689,5.0,1.0,1.0,1.0,3
6304493827,4.0,1.0,1.0,1.0,1
6304493983,2.0,0.0,0.0,0.0,2
6304520735,4.6923076923076925,1.0,0.9230769230769231,0.9230769230769231,13
6304578466,4.357142857142857,1.0,0.6428571428571429,0.6428571428571429,14
6304580878,3.5833333333333335,0.6666666666666666,0.75,0.75,12
6304646127,4.642857142857143,1.0,0.8571428571428571,0.8571428571428571,14
6304653638,5.0,1.0,1.0,1.0,1
6304675771,4.364532019704433,0.9359605911330049,0.7241379310344828,0.7241379310344828,203
6304696108,3.0,0.5,0.75,0.75,4
6304696698,3.0,1.0,1.0,1.0,1
6304792352,4.5,1.0,0.75,0.75,4
630487250X,4.333333333333333,1.0,0.6666666666666666,0.6666666666666666,3
6304880677,5.0,1.0,1.0,1.0,2
6304888465,4.0,0.875,0.75,0.75,8
6304928238,4.333333333333333,0.9166666666666666,0.9166666666666666,0.9166666666666666,12
6304972857,4.2592592592592595,0.8888888888888888,0.8703703703703703,0.8703703703703703,54
6305074054,4.090909090909091,0.9090909090909091,0.5454545454545454,0.5454545454545454,11
6305075654,4.7272727272727275,1.0,0.7272727272727273,0.7272727272727273,11
6305101132,4.0,1.0,1.0,1.0,1
6305104352,2.5,0.5,0.25,0.25,4
6305146187,3.3333333333333335,1.0,0.0,0.0,3
6305233438,1.6666666666666667,0.3333333333333333,0.0,0.0,9
6305290814,3.0,1.0,0.0,0.0,1
630530159X,5.0,1.0,1.0,1.0,1
6305306141,3.625,0.75,0.625,0.625,16
6305340854,5.0,1.0,1.0,1.0,1
6305441286,4.448275862068965,0.9655172413793104,0.8160919540229885,0.8160919540229885,87
6305454280,2.1666666666666665,0.3333333333333333,0.16666666666666666,0.16666666666666666,6
6305508569,3.6666666666666665,0.6666666666666666,1.0,1.0,3
6305538409,1.7142857142857142,0.14285714285714285,0.0,0.0,7
6305581959,3.6666666666666665,0.6666666666666666,0.6666666666666666,0.6666666666666666,3
6305746540,3.8125,0.875,0.8125,0.8125,16
6305754276,4.0,1.0,1.0,1.0,1
630577238X,3.4,0.6,0.0,0.0,5
6305796173,4.125,0.875,0.625,0.625,8
6305804427,4.0,1.0,1.0,1.0,1
6305808155,3.2222222222222223,0.7222222222222222,0.1111111111111111,0.1111111111111111,18
6305809208,4.6,1.0,1.0,1.0,10
6305829195,4.0,1.0,0.5,0.5,2
6305908028,4.4,1.0,1.0,1.0,10
6305949816,5.0,1.0,1.0,1.0,2
6305962979,3.357142857142857,0.7142857142857143,0.4642857142857143,0.4642857142857143,28
6305976104,2.6666666666666665,0.5,0.3333333333333333,0.3333333333333333,6
6305986398,3.0,1.0,1.0,1.0,1
6305988838,2.0,0.0,0.0,0.0,1
B0000028AJ,4.777777777777778,1.0,1.0,1.0,9
B000003O0Z,4.066666666666666,0.8,1.0,1.0,15
B00000405W,2.0,0.0,1.0,1.0,1
B0000060T0,5.0,1.0,0.0,0.0,1
B0000060TP,4.0,1.0,0.0,0.0,1
B0000063PS,4.833333333333333,1.0,0.9444444444444444,0.9444444444444444,36
B000006GMQ,2.0,0.5,0.0,0.0,2
B000009ELJ,2.1,0.3,0.0,0.0,10
B00000ACXE,4.133333333333334,0.9333333333333333,0.7666666666666667,0.7666666666666667,30
B00000F4KD,4.430769230769231,0.9384615384615385,0.7846153846153846,0.7846153846153846,65
B00000HF14,3.7142857142857144,0.7142857142857143,0.42857142857142855,0.42857142857142855,14
B00000I9PH,5.0,1.0,1.0,1.0,3
B00000IBNW,3.0,1.0,1.0,1.0,1
B00000IC80,2.5,0.5,1.0,1.0,2
B00000IC82,3.0,0.6666666666666666,0.5,0.5,6
B00000IC83,1.0,0.0,0.0,0.0,1
B00000IC84,2.0,0.5,1.0,1.0,2
B00000IC87,2.5,0.5,0.5,0.5,4
B00000IC89,2.0,0.5,0.0,0.0,2
B00000IC8E,2.0,0.5,0.5,0.5,2
B00000IC8F,2.857142857142857,0.5714285714285714,0.5714285714285714,0.5714285714285714,14
B00000IC8I,5.0,1.0,1.0,1.0,1
B00000IC8J,1.1666666666666667,0.0,0.16666666666666666,0.16666666666666666,6
B00000IC8K,2.5,0.5,1.0,1.0,2
B00000IC8L,1.1666666666666667,0.0,0.16666666666666666,0.16666666666666666,6
B00000IC8M,3.0,0.6666666666666666,0.5,0.5,6
B00000INB1,5.0,1.0,0.625,0.625,8
B00000INB2,3.888888888888889,0.7777777777777778,0.6666666666666666,0.6666666666666666,9
B00000INB3,4.625,1.0,0.8125,0.8125,16
B00000INBA,5.0,1.0,0.0,0.0,1
B00000INBI,3.0,1.0,0.0,0.0,1
B00000JGOG,4.0476190476190474,0.9523809523809523,0.7619047619047619,0.7619047619047619,21
B00000JGOJ,4.470588235294118,0.9411764705882353,0.8676470588235294,0.8676470588235294,68
B00000JGOY,4.571428571428571,1.0,1.0,1.0,7
B00000K0B3,3.6666666666666665,0.6666666666666666,0.6666666666666666,0.6666666666666666,3
B00000K0B4,3.0,1.0,1.0,1.0,1
B00001IVE7,3.0,1.0,1.0,1.0,1
B000028U32,5.0,1.0,0.0,0.0,1
B000028U3S,4.775862068965517,0.9758620689655172,0.8896551724137931,0.8896551724137931,290
B000035P4U,5.0,1.0,1.0,1.0,2
B00004CJ1R,4.105263157894737,0.9473684210526315,1.0,1.0,19
B00004CK9I,4.4375,0.9791666666666666,0.9166666666666666,0.9166666666666666,48
B00004CKDV,4.323076923076923,0.8923076923076924,0.9230769230769231,0.9230769230769231,65
B00004CM33,2.6666666666666665,0.3333333333333333,0.6666666666666666,0.6666666666666666,3
B00004CQT3,4.5,0.9583333333333334,0.8333333333333334,0.8333333333333334,24
B00004CQT4,4.4,1.0,0.8,0.8,5
B00004CQTF,3.891891891891892,0.7837837837837838,0.8918918918918919,0.8918918918918919,37
B00004CQTP,4.730769230769231,0.9615384615384616,0.8461538461538461,0.8461538461538461,26
B00004CTUA,4.4672897196261685,0.9065420560747663,0.9065420560747663,0.9065420560747663,107
B00004CTUN,4.5,1.0,0.75,0.75,20
B00004CUYA,4.32,0.96,0.82,0.82,50
B00004CZR1,4.427884615384615,0.9038461538461539,0.875,0.875,208
B00004CZR2,4.427884615384615,0.9038461538461539,0.875,0.875,208
B00004CZR3,4.333333333333333,0.9365079365079365,0.746031746031746,0.746031746031746,63
B00004CZR4,4.333333333333333,0.9365079365079365,0.746031746031746,0.746031746031746,63
B00004CZRA,4.211538461538462,0.9615384615384616,0.8846153846153846,0.8846153846153846,52
B00004CZRQ,4.549071618037135,0.9389920424403183,0.5570291777188329,0.5570291777188329,377
B00004CZRS,3.8125,0.875,0.8125,0.8125,16
B00004I9Z1,3.875,0.8125,0.4375,0.4375,16
B00004RFI5,1.5,0.0,0.0,0.0,2
B00004RFI6,4.0,1.0,1.0,1.0,2
B00004RFI7,5.0,1.0,1.0,1.0,1
B00004RFIE,4.785714285714286,1.0,0.09523809523809523,0.09523809523809523,42
B00004RFIF,4.612903225806452,1.0,0.12903225806451613,0.12903225806451613,31
B00004RFIG,5.0,1.0,1.0,1.0,1
B00004RFIK,4.173913043478261,0.9565217391304348,0.6086956521739131,0.6086956521739131,23
B00004RQB1,4.781609195402299,0.9655172413793104,0.9425287356321839,0.9425287356321839,87
B00004RQBA,2.6785714285714284,0.4642857142857143,0.42857142857142855,0.42857142857142855,28
B00004RQBF,3.764705882352941,0.8235294117647058,0.7647058823529411,0.7647058823529411,17
B00004RXMK,4.241379310344827,0.896551724137931,0.8620689655172413,0.8620689655172413,29
B00004T6FK,4.166666666666667,1.0,0.3333333333333333,0.3333333333333333,12
B00004T6FQ,4.0,1.0,0.0,0.0,1
B00004TXBN,3.3076923076923075,0.6153846153846154,0.5384615384615384,0.5384615384615384,13
B00004U8KV,4.25,0.9444444444444444,0.5555555555555556,0.5555555555555556,36
B00004UF12,3.72972972972973,0.7837837837837838,0.8378378378378378,0.8378378378378378,37
B00004UF14,4.514792899408284,0.9704142011834319,0.7218934911242604,0.7218934911242604,169
B00004UF16,4.067796610169491,0.8813559322033898,0.7966101694915254,0.7966101694915254,59
B00004UF19,4.058139534883721,0.9302325581395349,0.7209302325581395,0.7209302325581395,86
B00004UTXP,5.0,1.0,1.0,1.0,1
B00004W221,4.546296296296297,0.9537037037037037,0.9351851851851852,0.9351851851851852,108
B00004WCM2,3.7142857142857144,0.8571428571428571,0.5714285714285714,0.5714285714285714,7
B00004WCM9,4.645161290322581,0.946236559139785,0.8064516129032258,0.8064516129032258,93
B00004WCMB,4.279411764705882,0.8823529411764706,0.7941176470588235,0.7941176470588235,68
B00004WCMJ,2.3333333333333335,0.3333333333333333,0.6666666666666666,0.6666666666666666,3
B00004WCMK,4.0,1.0,0.5,0.5,2
B00004WCMS,3.3372093023255816,0.7093023255813954,0.47674418604651164,0.47674418604651164,86
B00004WCMT,4.419475655430712,0.9250936329588015,0.8764044943820225,0.8764044943820225,267
B00004WCMU,4.421052631578948,0.9473684210526315,0.8596491228070176,0.8596491228070176,57
B00004WM3D,4.3059701492537314,0.9328358208955224,0.8507462686567164,0.8507462686567164,134
B00004WM3E,5.0,1.0,1.0,1.0,1
B00004YVV8,3.25,0.75,0.75,0.75,4
B000050X30,3.5,0.875,0.625,0.625,8
B000050X31,3.9655172413793105,0.8275862068965517,0.8275862068965517,0.8275862068965517,29
B000051VS3,4.230769230769231,1.0,0.8461538461538461,0.8461538461538461,13
B00005226W,4.8,1.0,1.0,1.0,5
B000053VQE,4.435294117647059,0.9764705882352941,0.6823529411764706,0.6823529411764706,85
B000053VQH,3.3333333333333335,0.6666666666666666,0.3333333333333333,0.3333333333333333,3
B000053VQI,5.0,1.0,1.0,1.0,4
B000053VQJ,3.0,0.5,1.0,1.0,2
B0000544LY,4.75,1.0,1.0,1.0,16
B000055YXI,5.0,1.0,1.0,1.0,2
B000056BPD,1.25,0.0,0.0,0.0,4
B000056N8C,4.769230769230769,1.0,1.0,1.0,13
B000056N8D,4.5,1.0,1.0,1.0,2
B000056N8G,1.0,0.0,0.0,0.0,2
B000056N8P,5.0,1.0,1.0,1.0,1
B000056N8Q,3.0,0.6,0.6,0.6,5
B000056N8R,5.0,1.0,1.0,1.0,1
B000056N8T,4.055555555555555,1.0,0.7222222222222222,0.7222222222222222,18
B000056N8U,4.055555555555555,1.0,0.7222222222222222,0.7222222222222222,18
B000056N8V,4.3,1.0,0.8,0.8,10
B000056N8W,4.416666666666667,1.0,0.8333333333333334,0.8333333333333334,12
B000056PNH,4.0,1.0,1.0,1.0,2
B000056PNI,5.0,1.0,1.0,1.0,2
B000056PNV,4.222222222222222,0.8888888888888888,0.8888888888888888,0.8888888888888888,18
B000056PPE,3.0,0.5,0.5,0.5,2
B000056PPF,4.1,1.0,0.9,0.9,10
B000057P5U,3.0,0.5,0.5,0.5,2
B00005952Q,4.549019607843137,1.0,0.9019607843137255,0.9019607843137255,51
B00005AB92,5.0,1.0,0.0,0.0,1
B00005B7DG,4.5,1.0,0.0,0.0,2
B00005B7DN,3.736842105263158,0.7368421052631579,0.7368421052631579,0.7368421052631579,19
B00005B7DP,3.736842105263158,0.8421052631578947,0.5789473684210527,0.5789473684210527,19
B00005EB0B,3.673076923076923,0.8461538461538461,0.6442307692307693,0.6442307692307693,104
B00005JMZA,3.9012345679012346,0.8518518518518519,0.6419753086419753,0.6419753086419753,81
B00005JMZK,3.059288537549407,0.6521739130434783,0.1482213438735178,0.1482213438735178,506
B00005JMZQ,3.625,0.75,0.625,0.625,8
B00005JYAY,4.58282208588957,0.950920245398773,0.9263803680981595,0.9263803680981595,163
B00005KA8M,4.222222222222222,0.8888888888888888,0.5555555555555556,0.5555555555555556,9
B00005KB5B,4.0,1.0,1.0,1.0,2
B00005LKL6,4.58252427184466,0.9514563106796117,0.9514563106796117,0.9514563106796117,103
B00005LKL7,4.201388888888889,0.8541666666666666,0.8055555555555556,0.8055555555555556,144
B00005LKL8,4.4375,1.0,0.9375,0.9375,16
B00005LKLD,4.629333333333333,0.9653333333333334,0.808,0.808,375
B00005LKLF,4.05,0.85,0.6,0.6,20
B00005LKLN,4.31404958677686,0.9669421487603306,0.7933884297520661,0.7933884297520661,121
B00005LL26,4.64,0.9685714285714285,0.8028571428571428,0.8028571428571428,350
B00005M1Y0,4.61271676300578,0.953757225433526,0.7514450867052023,0.7514450867052023,173
B00005M1Y1,3.7083333333333335,0.75,0.7083333333333334,0.7083333333333334,24
B00005M1Y4,4.666666666666667,0.9675925925925926,0.9166666666666666,0.9166666666666666,216
B00005M1Y5,4.5813953488372094,0.9651162790697675,0.9069767441860465,0.9069767441860465,86
B00005M1Y6,4.486486486486487,0.9864864864864865,0.8783783783783784,0.8783783783783784,74
B00005M1Y7,4.5,0.956140350877193,0.9385964912280702,0.9385964912280702,114
B00005M1YM,4.444444444444445,1.0,0.8888888888888888,0.8888888888888888,9
B00005MFO8,4.3940677966101696,0.951271186440678,0.6652542372881356,0.6652542372881356,472
B00005MFO9,4.295081967213115,0.9508196721311475,0.6557377049180327,0.6557377049180327,61
B00005MI3X,5.0,1.0,1.0,1.0,1
B00005MI3Z,4.190476190476191,0.9047619047619048,0.7380952380952381,0.7380952380952381,42
B00005NHIR,5.0,1.0,1.0,1.0,1
B00005NHIU,5.0,1.0,1.0,1.0,1
B00005NKBE,3.8512396694214877,0.8512396694214877,0.5785123966942148,0.5785123966942148,121
B00005NKBK,1.0,0.0,0.25,0.25,4
B00005NKBL,1.0,0.0,0.25,0.25,4
B00005NKBU,3.25,0.5,0.75,0.75,4
B00005NKBV,4.0,1.0,1.0,1.0,1
B00005NKBZ,3.4285714285714284,0.7142857142857143,0.2857142857142857,0.2857142857142857,7
B00005NQ51,4.545454545454546,0.9431818181818182,0.875,0.875,88
B00005O438,4.0,0.8472222222222222,0.4722222222222222,0.4722222222222222,72
B00005O439,3.8846153846153846,0.8461538461538461,0.3076923076923077,0.3076923076923077,26
B00005Q58B,3.962962962962963,0.8148148148148148,0.7037037037037037,0.7037037037037037,27
B00005Q5N4,3.0,1.0,0.0,0.0,1
B00005QC3M,3.0291970802919708,0.5912408759124088,0.10218978102189781,0.10218978102189781,137
B00005QC3X,4.166666666666667,1.0,0.8333333333333334,0.8333333333333334,6
B00005QG2N,4.769230769230769,0.9615384615384616,0.6538461538461539,0.6538461538461539,26
B00005QVUI,4.0,1.0,1.0,1.0,1
B00005QVUT,4.5,1.0,1.0,1.0,2
B00005RDSC,4.642857142857143,0.9285714285714286,0.6428571428571429,0.6428571428571429,14
B00005RT35,4.375,1.0,0.9375,0.9375,16
B00005RT3E,4.64,1.0,0.96,0.96,25
B00005U141,3.75,1.0,1.0,1.0,4
B00005U142,4.5,1.0,0.5,0.5,2
B00005U145,2.6,0.6,0.4,0.4,5
B00005U146,5.0,1.0,1.0,1.0,1
B00005U147,3.25,1.0,0.75,0.75,4
B00005U149,3.1666666666666665,0.6666666666666666,0.16666666666666666,0.16666666666666666,18
B00005U14B,1.75,0.25,0.25,0.25,4
B00005U14C,3.375,0.75,0.625,0.625,8
B00005U14D,4.083333333333333,0.9166666666666666,0.5833333333333334,0.5833333333333334,12
B00005U14E,3.0,1.0,0.0,0.0,1
B00005U14H,4.155038759689923,0.9224806201550387,0.6434108527131783,0.6434108527131783,129
B00005U14N,5.0,1.0,1.0,1.0,1
B00005U14O,4.2,1.0,0.8,0.8,5
B00005U8E7,5.0,1.0,1.0,1.0,3
B00005U8E8,5.0,1.0,1.0,1.0,2
B00005U8E9,5.0,1.0,1.0,1.0,1
B00005U8EA,4.0,1.0,1.0,1.0,1
B00005U8ED,5.0,1.0,1.0,1.0,3
B00005U8EF,4.0,1.0,1.0,1.0,1
B00005U8EN,4.543478260869565,0.9565217391304348,0.9347826086956522,0.9347826086956522,46
B00005U8EO,4.0,0.8888888888888888,0.8888888888888888,0.8888888888888888,9
B00005U8EP,3.272727272727273,0.6363636363636364,0.8181818181818182,0.8181818181818182,11
B00005U8EQ,3.5,0.75,0.75,0.75,12
B00005U8ER,4.3076923076923075,0.9230769230769231,0.8461538461538461,0.8461538461538461,13
B00005U8EU,4.333333333333333,1.0,0.6666666666666666,0.6666666666666666,3
B00005U8EY,4.6,1.0,1.0,1.0,5
B00005U8EZ,4.333333333333333,1.0,0.6666666666666666,0.6666666666666666,3
B00005UF9K,3.9393939393939394,0.8636363636363636,0.7727272727272727,0.7727272727272727,66
B00005UF9O,3.6444444444444444,0.7777777777777778,0.7111111111111111,0.7111111111111111,45
B00005UKKE,4.048387096774194,0.8548387096774194,0.8064516129032258,0.8064516129032258,62
B00005UW7E,4.2073170731707314,0.8658536585365854,0.7439024390243902,0.7439024390243902,82
B00005UW7H,3.727272727272727,0.7575757575757576,0.3333333333333333,0.3333333333333333,33
B00005UW7I,4.0,0.8888888888888888,0.8888888888888888,0.8888888888888888,9
B00005UW7J,4.0,1.0,1.0,1.0,1
B00005V9I0,2.3333333333333335,0.42857142857142855,0.42857142857142855,0.42857142857142855,21
B00005V9I1,4.461538461538462,0.9230769230769231,0.7692307692307693,0.7692307692307693,26
B00005V9I3,3.8,0.9,0.9,0.9,10
B00005V9I4,3.526315789473684,0.7368421052631579,0.6842105263157895,0.6842105263157895,19
B00005V9I6,3.4444444444444446,0.7777777777777778,0.6666666666666666,0.6666666666666666,9
B00005V9I7,4.9,1.0,1.0,1.0,10
B00005V9I8,4.571428571428571,1.0,1.0,1.0,7
B00005V9IA,3.6666666666666665,1.0,0.6666666666666666,0.6666666666666666,3
B00005V9IB,3.7857142857142856,0.7857142857142857,0.5,0.5,14
B00005V9IC,1.6666666666666667,0.16666666666666666,0.0,0.0,6
B00005V9IE,4.5,1.0,1.0,1.0,2
B00005V9IF,2.0,0.0,1.0,1.0,1
B00005V9IG,4.333333333333333,0.8666666666666667,0.9,0.9,30
B00005V9IH,3.343283582089552,0.7014925373134329,0.5223880597014925,0.5223880597014925,67
B00005V9IJ,4.065868263473054,0.8832335329341318,0.7574850299401198,0.7574850299401198,334
B00005V9IK,3.806153846153846,0.8123076923076923,0.556923076923077,0.556923076923077,325
B00005V9IL,4.1525423728813555,0.8686440677966102,0.7161016949152542,0.7161016949152542,236
B00005V9IR,2.6666666666666665,0.6666666666666666,0.3333333333333333,0.3333333333333333,3
B00005Y6Y0,4.666666666666667,1.0,1.0,1.0,6
B00005Y6Y1,4.0,1.0,0.8571428571428571,0.8571428571428571,7
B00005Y6Y2,3.927007299270073,0.7773722627737226,0.5,0.5,274
B00005Y6Y3,4.230769230769231,0.9230769230769231,0.8461538461538461,0.8461538461538461,13
B00005Y6Y4,3.6,1.0,1.0,1.0,5
B00005Y6Y5,5.0,1.0,1.0,1.0,1
B00005Y6Y7,3.0,0.5,0.5,0.5,2
B00005Y6YA,4.0,1.0,1.0,1.0,1
B00005Y6YB,4.611801242236025,0.9316770186335404,0.8695652173913043,0.8695652173913043,322
B00005Y6YC,4.625,1.0,0.875,0.875,8
B00005Y6YE,3.1333333333333333,0.6666666666666666,0.4666666666666667,0.4666666666666667,15
B00005Y6YF,4.666666666666667,1.0,1.0,1.0,3
B00005Y6YG,4.2,1.0,1.0,1.0,5
B00005Y6YH,4.0,0.8333333333333334,1.0,1.0,6
B00005Y6YJ,4.608695652173913,0.9456521739130435,0.9021739130434783,0.9021739130434783,92
B00005Y6YK,4.6875,1.0,0.875,0.875,16
B00005Y6YL,2.875,0.75,0.75,0.75,8
B00005Y6YM,4.0,0.84,0.88,0.88,25
B00005Y6YN,4.125,0.875,0.625,0.625,8
B00005Y6YO,3.0,1.0,1.0,1.0,1
B00005Y6YP,4.222222222222222,0.9444444444444444,0.8888888888888888,0.8888888888888888,18
B00005Y6YQ,4.125,1.0,0.75,0.75,24
B00005Y6YS,3.739130434782609,0.8260869565217391,0.30434782608695654,0.30434782608695654,23
B00005Y6YU,3.8181818181818183,0.8181818181818182,0.5454545454545454,0.5454545454545454,11
B00005Y6YV,5.0,1.0,1.0,1.0,5
B00005Y6YW,4.8,1.0,1.0,1.0,5
B00005Y6YX,4.8,1.0,1.0,1.0,5
B00005Y961,5.0,1.0,0.0,0.0,1
B00005YGRX,4.333333333333333,1.0,1.0,1.0,3
B00005YTR5,3.0,1.0,1.0,1.0,1
B00005YTR8,4.923076923076923,1.0,1.0,1.0,13
B000063JZ7,3.814814814814815,0.8148148148148148,0.7037037037037037,0.7037037037037037,27
B000063JZU,4.2,1.0,1.0,1.0,5
B000063USN,4.363636363636363,0.9090909090909091,1.0,1.0,11
B000063W1R,4.1,0.8483870967741935,0.6709677419354839,0.6709677419354839,310
B000063W82,4.826825127334465,0.9830220713073005,0.8726655348047538,0.8726655348047538,589
B000065FKL,3.6216216216216215,0.7567567567567568,0.5945945945945946,0.5945945945945946,37
B000065K9E,3.4705882352941178,0.7647058823529411,0.47058823529411764,0.47058823529411764,17
B000065K9R,3.5497076023391814,0.7368421052631579,0.1695906432748538,0.1695906432748538,171
B000065U30,1.9047619047619047,0.23809523809523808,0.2619047619047619,0.2619047619047619,42
B000065U31,4.8,1.0,1.0,1.0,10
B000065U33,5.0,1.0,0.0,0.0,1
B000065U34,4.5,1.0,1.0,1.0,2
B000065U35,4.758064516129032,0.9838709677419355,0.6935483870967742,0.6935483870967742,62
B000065U36,3.8666666666666667,0.8555555555555555,0.7111111111111111,0.7111111111111111,90
B000065U37,4.133333333333334,0.8666666666666667,0.6666666666666666,0.6666666666666666,15
B000065U38,4.416666666666667,1.0,1.0,1.0,12
B000065U39,4.5,1.0,0.8333333333333334,0.8333333333333334,6
B000065U3A,4.066666666666666,0.8,0.8,0.8,15
B000065U3F,4.384615384615385,0.8461538461538461,0.5384615384615384,0.5384615384615384,13
B000065U3I,1.0,0.0,0.0,0.0,2
B000065U3J,2.3333333333333335,0.3333333333333333,1.0,1.0,3
B000065U3K,2.0,0.0,0.0,0.0,1
B000065U3L,3.142857142857143,0.5714285714285714,0.14285714285714285,0.14285714285714285,7
B000065U3M,4.0,0.8666666666666667,0.9333333333333333,0.9333333333333333,15
B000065U3Q,5.0,1.0,0.8,0.8,5
B000067J1I,4.650485436893204,1.0,0.9223300970873787,0.9223300970873787,103
B000067J24,3.75,0.825,0.825,0.825,40
B000067J25,2.142857142857143,0.2857142857142857,0.14285714285714285,0.14285714285714285,7
B000067J2G,4.0,1.0,1.0,1.0,1
B000067J2H,4.0,1.0,1.0,1.0,1
B000067J2I,4.0,1.0,1.0,1.0,5
B000067J2J,3.727272727272727,0.9090909090909091,1.0,1.0,11
B000067J2K,3.1666666666666665,0.8333333333333334,0.8333333333333334,0.8333333333333334,6
B000067J2M,4.0,0.8461538461538461,0.8461538461538461,0.8461538461538461,13
B000067J2N,4.5,1.0,0.5,0.5,6
B000067J2U,1.0,0.0,0.0,0.0,1
B000067J2V,4.0,1.0,0.6666666666666666,0.6666666666666666,3
B000067J2X,3.2857142857142856,0.5714285714285714,0.7142857142857143,0.7142857142857143,7
B000067J2Y,3.4285714285714284,0.7142857142857143,0.2857142857142857,0.2857142857142857,7
B000067J2Z,1.8888888888888888,0.3333333333333333,0.0,0.0,9
B000068C2L,3.857142857142857,0.8571428571428571,0.7142857142857143,0.7142857142857143,14
B000068QPR,4.666666666666667,0.9166666666666666,0.8333333333333334,0.8333333333333334,12
B000068TWC,3.208955223880597,0.7164179104477612,0.47761194029850745,0.47761194029850745,67
B00006D2AQ,3.25,0.6666666666666666,0.75,0.75,12
B00006G8I7,4.0,1.0,0.5,0.5,6
B00006G8IL,3.4,1.0,0.0,0.0,5
B00006G8IV,3.625,0.875,0.25,0.25,8
B00006G8IZ,3.75,1.0,0.25,0.25,4
B00006HAXW,4.846153846153846,1.0,1.0,1.0,13
B00006JU7L,3.7777777777777777,0.8888888888888888,1.0,1.0,9
B00006JU7O,3.25,0.75,0.375,0.375,8
B00006JU7U,4.538461538461538,0.9487179487179487,0.9102564102564102,0.9102564102564102,78
B00006LU72,2.5,0.5,0.5,0.5,2
B00006LU75,3.6,0.6,0.6,0.6,5
B00006LU76,3.2,0.6,0.8,0.8,5
B0000764K0,3.4615384615384617,0.6923076923076923,0.23076923076923078,0.23076923076923078,13
B00007ELMT,3.823529411764706,0.8235294117647058,0.7058823529411765,0.7058823529411765,34
B00007JZYP,3.8461538461538463,0.8461538461538461,0.6923076923076923,0.6923076923076923,13
B00007L4N8,3.6666666666666665,1.0,0.5,0.5,6
B000083ED1,3.9743589743589745,0.9743589743589743,0.5128205128205128,0.5128205128205128,39
B000083ED4,4.414634146341464,0.9512195121951219,0.9512195121951219,0.9512195121951219,41
B000083EDB,4.005208333333333,0.8333333333333334,0.625,0.625,192
B000083EDI,4.791666666666667,1.0,0.8333333333333334,0.8333333333333334,24
B000087I3A,4.435897435897436,1.0,0.7948717948717948,0.7948717948717948,39
B00008FZHB,4.75,1.0,0.875,0.875,8
B00008FZHF,4.0,1.0,1.0,1.0,1
B00008FZHL,4.75,1.0,0.875,0.875,8
B00008G1PX,4.24235294117647,0.8635294117647059,0.8564705882352941,0.8564705882352941,425
B00008G4H7,4.117647058823529,0.8823529411764706,0.8823529411764706,0.8823529411764706,17
B00008G5ZV,4.5,1.0,1.0,1.0,4
B00008G5ZX,2.25,0.25,1.0,1.0,4
B00008G5ZY,1.0,0.0,0.0,0.0,1
B00008HC96,5.0,1.0,1.0,1.0,1
B00008HC97,4.444444444444445,0.8888888888888888,1.0,1.0,9
B00008HC9N,3.272727272727273,0.8181818181818182,0.6363636363636364,0.6363636363636364,11
B00008PW29,4.25,1.0,1.0,1.0,4
B00008WFTU,4.555555555555555,1.0,0.6666666666666666,0.6666666666666666,18
B00008WFTV,4.555555555555555,1.0,0.6666666666666666,0.6666666666666666,18
B00008XFAM,3.943548387096774,0.8467741935483871,0.6370967741935484,0.6370967741935484,124
B00008YLV0,4.25,0.9583333333333334,0.9583333333333334,0.9583333333333334,24
B00008YLV1,4.230769230769231,0.8461538461538461,0.6153846153846154,0.6153846153846154,13
B00008YLV6,2.25,0.5,0.5,0.5,4
B00008YLV7,4.386363636363637,0.9545454545454546,0.9545454545454546,0.9545454545454546,44
B00008YLV9,3.0,0.5,0.5,0.5,2
B00008YLVB,4.875,1.0,0.9375,0.9375,48
B00008YLVC,3.2,0.6,0.8,0.8,10
B00009AOBJ,3.9,0.8666666666666667,0.8333333333333334,0.8333333333333334,30
B00009OWJQ,4.407407407407407,0.9629629629629629,0.7962962962962963,0.7962962962962963,54
B00009OWJT,4.217391304347826,0.9130434782608695,0.7391304347826086,0.7391304347826086,23
B00009YXGR,3.5,0.75,0.5,0.5,8
B00009YXGX,3.7142857142857144,0.8571428571428571,0.5714285714285714,0.5714285714285714,7
B0000B3FE6,4.0,1.0,0.0,0.0,1
B0000BYRO7,4.428571428571429,0.9523809523809523,0.9285714285714286,0.9285714285714286,42
B0000C8AXJ,4.0,1.0,1.0,1.0,2
B0000D0YWG,3.5,0.6666666666666666,0.8333333333333334,0.8333333333333334,6
B0000DG00X,4.0,1.0,1.0,1.0,1
B0000DG6XL,5.0,1.0,1.0,1.0,1
B0000DG6XM,5.0,1.0,1.0,1.0,1
B0000DG6XP,5.0,1.0,1.0,1.0,1
B0000DJZBK,3.1666666666666665,0.6666666666666666,0.6666666666666666,0.6666666666666666,6
B0000DK4QB,4.555555555555555,0.9444444444444444,0.9444444444444444,0.9444444444444444,18
B0000DK4QD,3.7948717948717947,0.8205128205128205,0.717948717948718,0.717948717948718,39
B0000DK4QE,3.6344086021505375,0.7419354838709677,0.4838709677419355,0.4838709677419355,93
B0000DK4QI,4.198083067092652,0.8913738019169329,0.4952076677316294,0.4952076677316294,313
B0000DK4QJ,4.141689373297003,0.9155313351498637,0.7384196185286104,0.7384196185286104,367
B0000DK4QK,3.8790697674418606,0.8744186046511628,0.7069767441860465,0.7069767441860465,215
B0000DK4QL,3.591304347826087,0.7869565217391304,0.4782608695652174,0.4782608695652174,230
B0000EYVJM,5.0,1.0,1.0,1.0,2
B0000TPAVK,3.0,0.6666666666666666,1.0,1.0,3
B0000V493S,4.75,1.0,0.75,0.75,4
B0000V8I3A,5.0,1.0,1.0,1.0,2
B0000VD0AG,4.666666666666667,1.0,0.6666666666666666,0.6666666666666666,6
B0000WU79C,4.666666666666667,1.0,0.6666666666666666,0.6666666666666666,3
B00012FXJ0,4.23404255319149,0.9787234042553191,0.9574468085106383,0.9574468085106383,47
B00013EY80,4.857142857142857,1.0,1.0,1.0,7
B00015HUWK,2.9,0.5,0.3,0.3,10
B00015HX90,4.552693208430913,0.9297423887587822,0.7822014051522248,0.7822014051522248,427
B00015HX9A,4.504,0.92,0.896,0.896,125
B00015HX9K,4.0625,0.875,0.9375,0.9375,16
B00015N4T8,4.0,0.8,0.9,0.9,10
B00018D3XW,4.471264367816092,0.9195402298850575,0.9080459770114943,0.9080459770114943,87
B00018YC3M,3.727272727272727,0.8181818181818182,0.6363636363636364,0.6363636363636364,11
B00018YC3W,4.3076923076923075,0.9230769230769231,0.8461538461538461,0.8461538461538461,13
B00019G4GO,3.0,0.5,1.0,1.0,2
B0001A9JEW,3.142857142857143,0.5714285714285714,0.2857142857142857,0.2857142857142857,7
B0001ADAVK,3.639344262295082,0.8442622950819673,0.8524590163934426,0.8524590163934426,122
B0001BMMEA,4.5,1.0,1.0,1.0,2
B0001DHSC4,4.678571428571429,1.0,0.9285714285714286,0.9285714285714286,28
B0001DHSCE,4.185185185185185,0.9259259259259259,0.37037037037037035,0.37037037037037035,27
B0001DHSCO,4.733333333333333,1.0,0.8,0.8,30
B0001DHSCY,4.0,0.8571428571428571,0.7619047619047619,0.7619047619047619,21
B0001EYSQC,4.532467532467533,0.922077922077922,0.935064935064935,0.935064935064935,77
B0001G6PZC,4.122935779816514,0.8788990825688073,0.8458715596330275,0.8458715596330275,545
B0001GH7V8,4.304347826086956,0.8985507246376812,0.5797101449275363,0.5797101449275363,138
B0001GH7VI,4.666666666666667,1.0,1.0,1.0,3
B0001GH7VS,4.333333333333333,1.0,0.8888888888888888,0.8888888888888888,9
B0001IXU3K,2.5,0.5,0.25,0.25,4
B0001K5GOO,4.576923076923077,1.0,0.9230769230769231,0.9230769230769231,26
B0001LQJW6,5.0,1.0,1.0,1.0,2
B0001LQJWG,4.5,1.0,0.75,0.75,4
B0001ME59O,5.0,1.0,1.0,1.0,1
B0001ME59Y,5.0,1.0,1.0,1.0,1
B0001MIRDE,3.75,0.75,1.0,1.0,4
B0001NBNF2,3.2857142857142856,0.7053571428571429,0.36607142857142855,0.36607142857142855,112
B0001WAMRS,4.125,0.875,0.875,0.875,8
B0001WJN8M,2.0,0.0,0.0,0.0,3
B0001WTUZI,3.0,0.6153846153846154,0.6153846153846154,0.6153846153846154,13
B0001WTVAM,3.875,0.875,0.75,0.75,8
B0001XAQA0,4.5,1.0,0.5,0.5,2
B0001XARPO,2.6666666666666665,0.6666666666666666,0.3333333333333333,0.3333333333333333,3
B0001Y4LSM,4.25,0.9166666666666666,0.8333333333333334,0.8333333333333334,12
B0001Z3HIG,3.642857142857143,0.7142857142857143,0.5714285714285714,0.5714285714285714,14
B00020HBN2,5.0,1.0,1.0,1.0,2
B00020HBNC,5.0,1.0,1.0,1.0,3
B00020HBNW,5.0,1.0,1.0,1.0,1
B00020X8MA,2.1666666666666665,0.3333333333333333,0.8333333333333334,0.8333333333333334,6
B00022LIR0,5.0,1.0,1.0,1.0,1
B00022PZJW,5.0,1.0,1.0,1.0,1
B00022VM5I,3.72,0.81,0.78,0.78,100
B00022VM5S,4.333333333333333,1.0,0.6666666666666666,0.6666666666666666,3
B00026EXZ0,3.0,0.6666666666666666,0.3333333333333333,0.3333333333333333,3
B00026L92K,3.0,1.0,1.0,1.0,1
B00027JYT4,3.2,0.6,0.8,0.8,5
B00028G4UU,5.0,1.0,1.0,1.0,1
B00028G74S,3.0,1.0,0.0,0.0,1
B0002910TY,4.0,1.0,0.0,0.0,1
B000299URS,4.0,1.0,0.75,0.75,4
B00029RRIM,4.75,1.0,0.75,0.75,4
B0002A2VR8,4.0,1.0,0.0,0.0,1
B0002B54P8,4.0,1.0,0.0,0.0,1
B0002B55DE,4.284009546539379,0.8902147971360382,0.3818615751789976,0.3818615751789976,419
B0002BO0V2,4.0,1.0,1.0,1.0,4
B0002BO0YY,4.428571428571429,0.8571428571428571,0.7857142857142857,0.7857142857142857,14
B0002EJ87U,4.0,1.0,1.0,1.0,1
B0002EXFNI,3.929936305732484,0.8598726114649682,0.6815286624203821,0.6815286624203821,157
B0002HOEP8,3.6739130434782608,0.8913043478260869,0.43478260869565216,0.43478260869565216,46
B0002HOEPI,3.6739130434782608,0.8913043478260869,0.43478260869565216,0.43478260869565216,46
B0002I82XW,4.537634408602151,0.9354838709677419,0.8602150537634409,0.8602150537634409,93
B0002I8336,4.0,1.0,1.0,1.0,1
B0002I833G,4.472727272727273,0.9636363636363636,0.9636363636363636,0.9636363636363636,55
B0002J4ZW8,2.9054054054054053,0.5405405405405406,0.1891891891891892,0.1891891891891892,74
B0002PYS4M,4.111111111111111,0.8888888888888888,0.7777777777777778,0.7777777777777778,9
B0002RQ2VW,4.1,1.0,0.9,0.9,10
B0002TT06Y,3.1538461538461537,0.6923076923076923,0.23076923076923078,0.23076923076923078,13
B0002UP0KS,5.0,1.0,0.5,0.5,10
B0002V7TJC,4.076923076923077,0.9230769230769231,0.9230769230769231,0.9230769230769231,13
B0002V7TJM,4.5,1.0,0.75,0.75,8
B0002V7TJW,4.5,1.0,0.75,0.75,8
B0002V9GOI,1.0,0.0,0.0,0.0,1
B0002VGSKS,2.0,0.5,1.0,1.0,2
B0002VKZYS,3.375,0.625,0.375,0.375,8
B0002W19Z6,4.6,0.95,0.9,0.9,20
B0003OXEE2,4.166666666666667,0.8518518518518519,0.5740740740740741,0.5740740740740741,54
B00062IZGI,2.0,0.0,1.0,1.0,1
B00062IZGS,3.25,0.5,0.5,0.5,4
B00062IZLI,3.5405405405405403,0.7027027027027027,0.7567567567567568,0.7567567567567568,37
B00064N6VU,4.5,1.0,0.8333333333333334,0.8333333333333334,6
B00067BBR8,4.428571428571429,0.8571428571428571,0.8571428571428571,0.8571428571428571,7
B00068S3VY,2.6666666666666665,0.6666666666666666,0.3333333333333333,0.3333333333333333,6
B0006A9FPA,5.0,1.0,1.0,1.0,8
B0006A9FPU,5.0,1.0,1.0,1.0,8
B0006FFRD4,3.0,0.5,0.5,0.5,2
B0006FFRDE,3.0,0.5,0.5,0.5,2
B0006FFRDO,5.0,1.0,1.0,1.0,2
B0006GAI6E,3.3207547169811322,0.8490566037735849,0.5094339622641509,0.5094339622641509,53
B0006GAI6O,3.8956043956043955,0.8571428571428571,0.8296703296703297,0.8296703296703297,182
B0006GAOL8,4.465753424657534,0.9863013698630136,0.9726027397260274,0.9726027397260274,73
B0006GAOLI,1.0,0.0,1.0,1.0,1
B0006HBV46,4.2,1.0,1.0,1.0,5
B0006HBZXS,4.32258064516129,0.9032258064516129,0.8306451612903226,0.8306451612903226,124
B0006J27YW,3.0,1.0,0.0,0.0,1
B0006N2DS8,2.9,0.6,0.5,0.5,10
B0006U5UPO,3.7333333333333334,0.8888888888888888,0.8,0.8,45
B0006UYNSO,4.184210526315789,0.9736842105263158,0.8947368421052632,0.8947368421052632,38
B0006VY6MG,5.0,1.0,1.0,1.0,2
B00074DXMQ,3.0,0.6,0.3,0.3,10
B00076ON5U,3.6923076923076925,0.6923076923076923,0.6153846153846154,0.6153846153846154,13
B00077BOSS,4.0,1.0,1.0,1.0,1
B00077BPBY,5.0,1.0,1.0,1.0,2
B0007LPS7W,4.019607843137255,0.803921568627451,0.8235294117647058,0.8235294117647058,51
B0007M21Y4,4.5,1.0,1.0,1.0,2
B0007N1JYG,5.0,1.0,1.0,1.0,5
B0007NMJZ4,5.0,1.0,1.0,1.0,2
B0007NMJZO,4.6923076923076925,1.0,0.9230769230769231,0.9230769230769231,13
B0007OCG4W,3.358447488584475,0.6940639269406392,0.6529680365296804,0.6529680365296804,438
B0007OP1A8,4.142857142857143,0.8571428571428571,0.8571428571428571,0.8571428571428571,7
B0007OP1AS,3.0,1.0,1.0,1.0,1
B0007ORDMW,5.0,1.0,1.0,1.0,2
B0007R4T5I,4.666666666666667,1.0,1.0,1.0,3
B0007VY49K,3.0,1.0,0.0,0.0,1
B0007VY4O0,1.0,0.0,0.0,0.0,1
B0007VY51C,2.0,0.5,0.5,0.5,2
B0007VY51W,3.4,0.6,0.2,0.2,5
B0007YXPCY,5.0,1.0,1.0,1.0,1
B0007Z9RCU,3.769230769230769,0.8461538461538461,0.6923076923076923,0.6923076923076923,13
B00081U75O,2.75,0.45,0.5,0.5,20
B0008ENIM0,3.3333333333333335,0.6666666666666666,0.3333333333333333,0.3333333333333333,3
B0008ENIMK,3.9473684210526314,1.0,1.0,1.0,19
B00092997Y,4.243697478991597,0.8907563025210085,0.8067226890756303,0.8067226890756303,119
B00096S43A,3.8333333333333335,0.6666666666666666,0.6666666666666666,0.6666666666666666,6
B00096S43K,3.9574468085106385,0.851063829787234,0.7021276595744681,0.7021276595744681,47
B00096S43U,4.586206896551724,1.0,1.0,1.0,29
B00097E6NQ,4.222222222222222,0.8333333333333334,0.6666666666666666,0.6666666666666666,18
B0009GX1Y2,3.0,0.75,0.75,0.75,4
B0009OK7ZA,2.5,0.5,0.5,0.5,2
B0009OL90M,3.75,0.75,0.5,0.5,8
B0009OL90W,3.3333333333333335,1.0,0.6666666666666666,0.6666666666666666,3
B0009OUC5U,4.6,1.0,0.9,0.9,20
B0009P42T6,5.0,1.0,1.0,1.0,2
B0009PBLO0,3.923076923076923,0.8461538461538461,0.9230769230769231,0.9230769230769231,13
B0009PBLOU,3.0,1.0,0.0,0.0,1
B0009PW3QK,4.4,1.0,0.8,0.8,5
B0009Q0ET2,4.0,1.0,0.5,0.5,4
B0009UZGHI,4.428571428571429,0.9285714285714286,0.9285714285714286,0.9285714285714286,14
B0009UZGHS,3.3333333333333335,0.6666666666666666,0.6666666666666666,0.6666666666666666,6
B0009Y2LTU,5.0,1.0,1.0,1.0,2
B0009Y7DSY,3.0,1.0,0.0,0.0,1
B000A0GXH4,4.448275862068965,0.896551724137931,0.7931034482758621,0.7931034482758621,29
B000A0GXHO,4.290322580645161,0.967741935483871,0.8709677419354839,0.8709677419354839,31
B000A0GXHY,4.333333333333333,1.0,0.6666666666666666,0.6666666666666666,3
B000A2SA64,4.205882352941177,0.9117647058823529,0.5588235294117647,0.5588235294117647,34
B000A2UBPM,3.0285714285714285,0.5142857142857142,0.37142857142857144,0.37142857142857144,35
B000A2WMGS,5.0,1.0,0.6666666666666666,0.6666666666666666,6
B000A3457Q,2.4166666666666665,0.4166666666666667,0.4166666666666667,0.4166666666666667,12
B000A7DW7Q,4.586956521739131,0.9347826086956522,0.8913043478260869,0.8913043478260869,46
B000A7Q2I2,4.5,0.9390243902439024,0.7439024390243902,0.7439024390243902,82
B000A9QK8M,4.423728813559322,0.9152542372881356,0.8983050847457628,0.8983050847457628,59
B000AABKYK,4.0,1.0,1.0,1.0,1
B000AE8L20,1.9166666666666667,0.3333333333333333,0.0,0.0,12
B000AE8L2K,2.375,0.375,0.125,0.125,8
B000AE8L2U,1.6923076923076923,0.15384615384615385,0.15384615384615385,0.15384615384615385,13
B000AJREL4,4.666666666666667,1.0,0.6666666666666666,0.6666666666666666,3
B000AM6OIK,5.0,1.0,1.0,1.0,1
B000AMWIVM,3.683569979716024,0.7991886409736308,0.37322515212981744,0.37322515212981744,493
B000ANVPP6,4.443037974683544,0.9620253164556962,0.9620253164556962,0.9620253164556962,79
B000ANVPPG,4.443037974683544,0.9620253164556962,0.9620253164556962,0.9620253164556962,79
B000ANVPPQ,3.668918918918919,0.6959459459459459,0.7702702702702703,0.7702702702702703,148
B000AXWH7G,4.866666666666666,1.0,0.8,0.8,15
B000AXWH7Q,3.0,0.6363636363636364,0.36363636363636365,0.36363636363636365,11
B000AYEL9M,2.8,0.4,1.0,1.0,5
B000AYEL9W,3.8,0.9,0.8,0.8,10
B000B19E8W,4.266666666666667,0.8666666666666667,0.7333333333333333,0.7333333333333333,15
B000B9E2MC,4.0,1.0,0.0,0.0,4
B000BB1ME6,5.0,1.0,1.0,1.0,1
B000BB1MEG,4.0,1.0,1.0,1.0,2
B000BB1MEQ,3.0,0.75,1.0,1.0,4
B000BB1NFO,5.0,1.0,1.0,1.0,1
B000BLRPOW,3.0,1.0,1.0,1.0,1
B000BNXD28,4.484848484848484,0.9393939393939394,0.8181818181818182,0.8181818181818182,33
B000BNXD2S,4.0,1.0,1.0,1.0,1
B000BRBACE,4.166666666666667,0.8333333333333334,1.0,1.0,6
B000BRBACY,4.4,1.0,0.8,0.8,5
B000BTPVA4,3.2857142857142856,0.7142857142857143,0.5714285714285714,0.5714285714285714,7
B000BTPVAY,4.666666666666667,1.0,0.7777777777777778,0.7777777777777778,9
B000BUBETU,5.0,1.0,1.0,1.0,1
B000CCD1X4,4.588235294117647,0.9411764705882353,1.0,1.0,17
B000CCD1XE,4.0,1.0,1.0,1.0,1
B000CCD1XO,2.0,0.3333333333333333,0.0,0.0,3
B000CCD1XY,3.7857142857142856,0.8571428571428571,0.7142857142857143,0.7142857142857143,14
B000CDSS86,3.533333333333333,0.7333333333333333,0.6666666666666666,0.6666666666666666,30
B000CEXFBU,4.647058823529412,0.9705882352941176,0.9117647058823529,0.9117647058823529,34
B000CIWXT6,3.75,0.875,0.875,0.875,8
B000CIWXTG,3.6666666666666665,1.0,1.0,1.0,3
B000CNET20,3.0,1.0,1.0,1.0,1
B000CNET2A,3.2,0.8,0.4,0.4,5
B000CNET2K,4.0,1.0,0.0,0.0,1
B000CQQI9E,4.7,1.0,0.95,0.95,20
B000CQQI9O,3.8095238095238093,0.7619047619047619,0.6666666666666666,0.6666666666666666,21
B000CSNCI2,4.411764705882353,0.9411764705882353,0.6470588235294118,0.6470588235294118,17
B000CZ0PVM,4.0,1.0,1.0,1.0,1
B000E33VZ4,4.690721649484536,0.979381443298969,0.9175257731958762,0.9175257731958762,97
B000EF817U,4.333333333333333,1.0,0.6666666666666666,0.6666666666666666,3
B000EMGIWI,3.0,0.5,0.5,0.5,2
B000EOU4N0,4.0,1.0,0.75,0.75,4
B000EOU4NA,1.0,0.0,0.0,0.0,1
B000EQ5V86,1.9689119170984455,0.2849740932642487,0.05181347150259067,0.05181347150259067,193
B000EQ5V8G,1.9689119170984455,0.2849740932642487,0.05181347150259067,0.05181347150259067,193
B000EXDRVM,4.894736842105263,1.0,0.8947368421052632,0.8947368421052632,19
B000F0UTW4,5.0,1.0,1.0,1.0,1
B000F0UUOG,5.0,1.0,1.0,1.0,1
B000F6ZPKY,4.818181818181818,1.0,1.0,1.0,11
B000F8O3PU,3.4,1.0,0.6,0.6,5
B000F9RBAS,5.0,1.0,1.0,1.0,1
B000F9RL9E,4.0,1.0,0.5,0.5,2
B000F9RL9O,4.672413793103448,1.0,0.9137931034482759,0.9137931034482759,58
B000F9RL9Y,4.181818181818182,0.9090909090909091,0.7272727272727273,0.7272727272727273,11
B000FDEV02,3.7,0.7,0.6,0.6,10
B000FDEV0W,5.0,1.0,1.0,1.0,1
B000FEBWF8,4.333333333333333,1.0,1.0,1.0,3
B000FEBWFS,2.3333333333333335,0.3333333333333333,0.6666666666666666,0.6666666666666666,3
B000FNNI3I,4.5,1.0,1.0,1.0,2
B000FOR9XM,4.5,1.0,1.0,1.0,2
B000FOR9XW,4.25,0.75,0.75,0.75,4
B000FP2PE4,4.0,0.75,0.75,0.75,4
B000FP2PEE,4.333333333333333,0.8333333333333334,1.0,1.0,6
B000FUF758,2.7142857142857144,0.7142857142857143,0.14285714285714285,0.14285714285714285,7
B000FVQLQQ,4.336477987421383,0.9119496855345912,0.8773584905660378,0.8773584905660378,318
B000G75B2E,3.888888888888889,0.7777777777777778,0.7777777777777778,0.7777777777777778,18
B000GAKJXM,4.0,1.0,1.0,1.0,1
B000GALHPQ,5.0,1.0,0.0,0.0,1
B000GB5M5Q,3.25,0.75,0.5,0.5,4
B000GETWF4,4.378666666666667,0.9093333333333333,0.8106666666666666,0.8106666666666666,375
B000GGSMNK,4.6923076923076925,0.9829059829059829,0.905982905982906,0.905982905982906,117
B000GIWU9A,3.0,1.0,1.0,1.0,1
B000GJPL1S,5.0,1.0,0.8,0.8,10
B000H0M47U,5.0,1.0,1.0,1.0,1
B000H0MN5S,5.0,1.0,1.0,1.0,1
B000H5U5I0,3.5,0.8333333333333334,0.3333333333333333,0.3333333333333333,12
B000H5U5IK,5.0,1.0,1.0,1.0,2
B000H5U5IU,3.3333333333333335,0.6666666666666666,0.3333333333333333,0.3333333333333333,3
B000H5U65W,4.7407407407407405,0.9629629629629629,0.8888888888888888,0.8888888888888888,27
B000H5V8D6,4.341463414634147,0.8963414634146342,0.8780487804878049,0.8780487804878049,164
B000H5V8DG,4.260355029585799,0.8816568047337278,0.757396449704142,0.757396449704142,169
B000HLDF8Q,5.0,1.0,1.0,1.0,2
B000HT3PV0,5.0,1.0,1.0,1.0,1
B000HXDTHG,4.0,1.0,0.0,0.0,1
B000I0RVSG,4.0,1.0,0.0,0.0,1
B000I1V3MU,4.444444444444445,0.9444444444444444,0.8888888888888888,0.8888888888888888,18
B000I64V24,4.0,1.0,1.0,1.0,2
B000I9TX1U,3.6666666666666665,0.6666666666666666,1.0,1.0,3
B000I9WVZA,3.765957446808511,0.8297872340425532,0.3404255319148936,0.3404255319148936,47
B000I9WVZU,4.065789473684211,0.8947368421052632,0.6447368421052632,0.6447368421052632,76
B000ICMF12,3.0,0.6666666666666666,1.0,1.0,3
B000ICZD7K,4.78125,0.96875,0.84375,0.84375,32
B000ID1Q02,4.666666666666667,1.0,0.9696969696969697,0.9696969696969697,33
B000ILYYY4,5.0,1.0,1.0,1.0,1
B000ILYYYE,3.0,0.5,0.5,0.5,2
B000ILYYYY,5.0,1.0,0.7,0.7,10
B000IMM3XW,4.201634877384196,0.9509536784741145,0.7084468664850136,0.7084468664850136,367
B000IOM0RY,3.0,0.6,0.4,0.4,5
B000IZJR3I,4.0,0.8333333333333334,0.6666666666666666,0.6666666666666666,6
B000J0XJC2,4.532374100719425,0.9280575539568345,0.7817745803357314,0.7817745803357314,417
B000J1NGY2,1.0,0.0,1.0,1.0,1
B000J6I0TI,4.214285714285714,0.8571428571428571,0.7142857142857143,0.7142857142857143,14
B000JBXHBO,4.653846153846154,0.9615384615384616,0.8461538461538461,0.8461538461538461,26
B000JGD278,3.4,0.68,0.6,0.6,25
B000JGD27I,4.559523809523809,0.9404761904761905,0.8928571428571429,0.8928571428571429,84
B000JJ5F70,2.6666666666666665,0.6666666666666666,0.6666666666666666,0.6666666666666666,3
B000JJ5F7K,2.0,0.0,1.0,1.0,1
B000JJ5F7U,2.0,0.0,0.5,0.5,2
B000JJRY7E,4.666666666666667,1.0,0.3333333333333333,0.3333333333333333,9
B000JJRY7O,4.666666666666667,1.0,1.0,1.0,3
B000JJRY7Y,3.0,1.0,1.0,1.0,1
B000JPNEEU,4.5227272727272725,0.9318181818181818,0.8409090909090909,0.8409090909090909,44
B000JR8HOU,3.5,1.0,0.5,0.5,2
B000JUB2UI,5.0,1.0,1.0,1.0,1
B000KCHZ6A,4.0,1.0,1.0,1.0,1
B000KF0P28,4.809523809523809,1.0,0.9523809523809523,0.9523809523809523,42
B000KF0P2I,4.545454545454546,1.0,1.0,1.0,11
B000KF0P2S,5.0,1.0,1.0,1.0,2
B000KGGJ04,4.0,1.0,1.0,1.0,5
B000KGGJ0E,4.428571428571429,1.0,0.7142857142857143,0.7142857142857143,7
B000KGGJ0Y,4.544303797468355,0.9620253164556962,0.9240506329113924,0.9240506329113924,79
B000KKQNRO,3.495065789473684,0.7582236842105263,0.5756578947368421,0.5756578947368421,608
B000KRN25I,4.0,0.8,0.9,0.9,10
B000KX0IM2,3.3088235294117645,0.6911764705882353,0.5294117647058824,0.5294117647058824,68
B000KX0IMC,4.4,1.0,0.8,0.8,5
B000KX0IMM,3.5714285714285716,0.7142857142857143,0.7142857142857143,0.7142857142857143,7
B000KX0IMW,4.190476190476191,1.0,0.7619047619047619,0.7619047619047619,21
B000LE1GEO,4.0,0.7142857142857143,0.7142857142857143,0.7142857142857143,7
B000LQ80B4,4.333333333333333,1.0,0.6666666666666666,0.6666666666666666,6
B000LWYHAG,3.0,1.0,1.0,1.0,1
B000LXGW1W,4.0,1.0,1.0,1.0,1
B000LXH5P4,1.0,0.0,0.0,0.0,2
B000LXH5PO,1.0,0.0,0.0,0.0,4
B000LXHFUO,4.6923076923076925,1.0,1.0,1.0,13
B000M7FSSA,4.451612903225806,0.967741935483871,0.9354838709677419,0.9354838709677419,31
B000MDH5US,4.5,1.0,0.5,0.5,2
B000MGAHWS,4.666666666666667,1.0,1.0,1.0,3
B000MGTT4K,4.666666666666667,1.0,0.6666666666666666,0.6666666666666666,3
B000MGTT4U,4.538461538461538,0.9230769230769231,0.7692307692307693,0.7692307692307693,13
B000MQ58TU,5.0,1.0,1.0,1.0,1
B000MRA542,4.083333333333333,0.9166666666666666,0.75,0.75,12
B000MRA54M,1.0,0.0,0.0,0.0,3
B000MTFFM2,3.5,1.0,0.75,0.75,4
B000MTFFMC,4.0,0.8571428571428571,0.7142857142857143,0.7142857142857143,7
B000N2HD78,4.666666666666667,1.0,1.0,1.0,3
B000N2HD7I,4.636363636363637,1.0,0.9090909090909091,0.9090909090909091,11
B000N6UEYI,4.333333333333333,1.0,1.0,1.0,3
B000N6UEYS,5.0,1.0,1.0,1.0,1
B000N8V3WS,3.0,1.0,1.0,1.0,1
B000NDFHYS,2.7,0.5,0.25,0.25,20
B000NDFLWG,4.117647058823529,0.8823529411764706,0.8235294117647058,0.8235294117647058,17
B000NJMJGQ,4.4,0.9333333333333333,0.9333333333333333,0.9333333333333333,15
B000NNM4BC,1.0,0.0,0.0,0.0,1
B000NO2FLU,3.6,0.8,0.6,0.6,5
B000NOIVT0,3.392857142857143,0.7142857142857143,0.6160714285714286,0.6160714285714286,112
B000NOIVTA,5.0,1.0,1.0,1.0,3
B000NOIVTK,1.1333333333333333,0.06666666666666667,0.0,0.0,15
B000NOKM9M,3.0,1.0,1.0,1.0,1
B000NPFF52,5.0,1.0,1.0,1.0,2
B000NVI2JM,5.0,1.0,0.8333333333333334,0.8333333333333334,6
B000NVL49M,4.8,1.0,0.8,0.8,5
B000NVL49W,4.882352941176471,1.0,1.0,1.0,34
B000NY1EC6,4.533333333333333,0.8666666666666667,1.0,1.0,15
B000O3HFX8,4.833333333333333,1.0,1.0,1.0,6
B000O599VC,4.814814814814815,1.0,1.0,1.0,54
B000O599VM,3.9583333333333335,0.875,0.7916666666666666,0.7916666666666666,24
B000O599VW,3.5454545454545454,0.9090909090909091,0.5454545454545454,0.5454545454545454,11
B000O76RMO,5.0,1.0,1.0,1.0,1
B000OF2T6E,5.0,1.0,0.0,0.0,1
B000OFOSOA,5.0,1.0,1.0,1.0,1
B000OIOSF6,5.0,1.0,1.0,1.0,1
B000OIOSFG,5.0,1.0,1.0,1.0,1
B000OIOSFQ,5.0,1.0,1.0,1.0,1
B000OIOXQK,5.0,1.0,1.0,1.0,1
B000OVLAB8,5.0,1.0,0.0,0.0,1
B000OYCNXY,5.0,1.0,1.0,1.0,1
B000OYTPJO,4.473214285714286,0.9553571428571429,0.8660714285714286,0.8660714285714286,112
B000P6R55W,2.0,0.0,0.0,0.0,2
B000PC72RM,4.0,1.0,1.0,1.0,3
B000PGDHHC,5.0,1.0,1.0,1.0,1
B000PTYRPA,2.857142857142857,0.5714285714285714,0.8571428571428571,0.8571428571428571,7
B000PY52CW,4.363636363636363,0.8636363636363636,0.8636363636363636,0.8636363636363636,22
B000Q7ZNZ4,4.5,0.9583333333333334,0.9166666666666666,0.9166666666666666,48
B000QEITJO,2.8947368421052633,0.5263157894736842,0.7105263157894737,0.7105263157894737,38
B000QGE8ME,1.5,0.0,0.0,0.0,2
B000QUCNR2,5.0,1.0,1.0,1.0,1
B000QUCNRC,3.8,0.8,0.8,0.8,5
B000R9GMGK,3.5,1.0,1.0,1.0,2
B000RA2R18,5.0,1.0,1.0,1.0,1
B000RL08AE,3.8,0.8,1.0,1.0,5
B000RNUFXC,4.2,0.8,0.8,0.8,5
B000RO9Q04,4.333333333333333,0.9523809523809523,0.9523809523809523,0.9523809523809523,21
B000SKO8DC,1.0,0.0,0.0,0.0,1
B000SM6FBI,1.5,0.0,0.0,0.0,2
B000SM6FBS,2.0,0.0,1.0,1.0,1
B000SQJ28C,4.368421052631579,0.9473684210526315,0.8157894736842105,0.8157894736842105,38
B000SRSWXC,5.0,1.0,0.75,0.75,8
B000SVZIJO,4.224489795918367,0.9081632653061225,0.826530612244898,0.826530612244898,98
B000SVZIJY,3.769230769230769,0.8461538461538461,0.6923076923076923,0.6923076923076923,13
B000T12ILY,2.64,0.48,0.08,0.08,25
B000T2MZ3E,3.0,1.0,1.0,1.0,1
B000T4SWXO,4.694117647058824,0.9764705882352941,0.9470588235294117,0.9470588235294117,170
B000T63TQC,4.923076923076923,1.0,0.8461538461538461,0.8461538461538461,13
B000T7XFGU,4.0,0.8,0.8,0.8,5
B000TGUUG4,4.333333333333333,1.0,0.6666666666666666,0.6666666666666666,9
B000TJBO16,4.266666666666667,0.9333333333333333,0.8,0.8,15
B000TMPDCY,3.7714285714285714,0.8285714285714286,0.34285714285714286,0.34285714285714286,35
B000TXNDSY,3.8181818181818183,0.8181818181818182,0.8181818181818182,0.8181818181818182,11
B000UGBOT0,4.04320987654321,0.8827160493827161,0.691358024691358,0.691358024691358,162
B000UV00T0,1.0,0.0,0.0,0.0,1
B000V2I234,3.3333333333333335,0.6666666666666666,0.6666666666666666,0.6666666666666666,3
B000V4FTM4,4.25,0.75,0.75,0.75,4
B000VHVGM8,4.363636363636363,0.8787878787878788,0.7878787878787878,0.7878787878787878,99
B000VHVGMI,3.225806451612903,0.7419354838709677,0.6774193548387096,0.6774193548387096,31
B000VII4D6,2.783505154639175,0.5360824742268041,0.41237113402061853,0.41237113402061853,97
B000VJDTTO,3.0,1.0,1.0,1.0,1
B000VNMMRK,5.0,1.0,1.0,1.0,1
B000VQYDHY,4.0,0.75,1.0,1.0,4
B000VRJ37I,4.035714285714286,0.8482142857142857,0.875,0.875,112
B000VULA9E,4.220183486238532,0.8807339449541285,0.6697247706422018,0.6697247706422018,109
B000VZAV62,4.083333333333333,1.0,0.9166666666666666,0.9166666666666666,12
B000VZC4X0,5.0,1.0,0.0,0.0,2
B000W12MWQ,3.076923076923077,0.6923076923076923,0.6153846153846154,0.6153846153846154,13
B000W2FI7Q,5.0,1.0,1.0,1.0,2
B000W4CG60,4.4186046511627906,0.9767441860465116,0.9069767441860465,0.9069767441860465,43
B000W4U7C0,4.450980392156863,0.9019607843137255,0.7647058823529411,0.7647058823529411,51
B000W90JD2,3.75,0.75,0.75,0.75,4
B000WCN8T6,4.625,1.0,0.8125,0.8125,16
B000WCN8TG,4.428571428571429,0.8571428571428571,0.8571428571428571,0.8571428571428571,7
B000WI23KA,3.6666666666666665,0.6666666666666666,0.5,0.5,6
B000X9JZVI,4.5,1.0,1.0,1.0,2
B000XEDVEA,5.0,1.0,1.0,1.0,3
B000XJD37K,5.0,1.0,1.0,1.0,1
B000XJSL9U,4.112359550561798,0.8853932584269663,0.6382022471910113,0.6382022471910113,445
B000Y11BGC,3.0,1.0,1.0,1.0,1
B000Y59D72,4.0,1.0,1.0,1.0,1
B000Y8KM3I,4.0,1.0,0.0,0.0,1
B000Y9Z610,5.0,1.0,0.0,0.0,1
B000YDKAOO,5.0,1.0,1.0,1.0,1
B000YFX0E4,3.5,0.75,0.75,0.75,4
B000YIGNCW,3.3125,0.625,0.5,0.5,48
B000YTI3QA,3.8125,0.875,0.5,0.5,16
B000YYVLSW,1.0,0.0,0.0,0.0,3
B000ZHUFSK,4.151515151515151,0.9090909090909091,0.8787878787878788,0.8787878787878788,33
B000ZKB072,2.0,0.0,1.0,1.0,1
B000ZLFALI,4.165820642978003,0.8392554991539763,0.8358714043993232,0.8358714043993232,591
B000ZLFALS,4.165820642978003,0.8392554991539763,0.8358714043993232,0.8358714043993232,591
B00104FZCI,4.5,1.0,1.0,1.0,2
B00106S9TM,4.346153846153846,0.9230769230769231,0.2692307692307692,0.2692307692307692,26
B0010C54D0,2.6666666666666665,0.6666666666666666,0.6666666666666666,0.6666666666666666,3
B0010C54DU,2.5,0.5,0.0,0.0,2
B0010JR7GK,4.0,1.0,1.0,1.0,3
B0010XOKM0,2.5,0.3333333333333333,0.16666666666666666,0.16666666666666666,6
B0010XOVSI,4.117647058823529,0.8823529411764706,0.7058823529411765,0.7058823529411765,17
B0010XSL4S,4.117647058823529,0.8823529411764706,0.7058823529411765,0.7058823529411765,17
B0010XUKI8,3.5,0.5,1.0,1.0,2
B00112S8RS,3.76158940397351,0.8079470198675497,0.7814569536423841,0.7814569536423841,151
B0011FDVK4,3.8333333333333335,0.8333333333333334,0.6666666666666666,0.6666666666666666,6
B0011VJRXS,2.5,0.5,1.0,1.0,2
B00129G5Y8,5.0,1.0,1.0,1.0,1
B0012BUWI6,1.3333333333333333,0.0,0.3333333333333333,0.3333333333333333,3
B0012EM5G0,4.285714285714286,0.9285714285714286,0.8571428571428571,0.8571428571428571,14
B0012EM5GA,4.5625,1.0,0.78125,0.78125,32
B0012EM5GK,4.5625,1.0,0.78125,0.78125,32
B0012GS6WA,1.0,0.0,0.0,0.0,1
B0012Q3SYG,4.2,0.9,0.9,0.9,10
B001302UMW,3.5714285714285716,1.0,0.5714285714285714,0.5714285714285714,7
B0013BXW6E,4.0,1.0,1.0,1.0,3
B0013UQUSM,2.0,0.5,0.0,0.0,2
B0013UQUSW,5.0,1.0,1.0,1.0,1
B0013Z70YA,3.5,1.0,1.0,1.0,2
B0014567LQ,2.0,0.25,0.0,0.0,4
B0014ERKO0,4.318446601941748,0.920388349514563,0.7941747572815534,0.7941747572815534,515
B0014Z4OO8,5.0,1.0,1.0,1.0,1
B0014Z4OOI,4.173913043478261,0.8695652173913043,0.6956521739130435,0.6956521739130435,23
B00151QYU8,3.9872611464968153,0.8248407643312102,0.4872611464968153,0.4872611464968153,314
B001589JX0,5.0,1.0,1.0,1.0,1
B0015UYTZG,3.9464285714285716,0.8571428571428571,0.8035714285714286,0.8035714285714286,56
B001609ST2,2.0,0.5,0.0,0.0,2
B00164E6HC,4.333333333333333,1.0,1.0,1.0,3
B00164E6HM,2.0,0.5,0.0,0.0,2
B0016H3I46,4.6,0.9428571428571428,0.8285714285714286,0.8285714285714286,35
B0016OKQSK,5.0,1.0,1.0,1.0,5
B0016OLXN2,4.638297872340425,0.973404255319149,0.9042553191489362,0.9042553191489362,188
B0016PO9KU,4.0,1.0,1.0,1.0,1
B0016PT95A,3.5,1.0,1.0,1.0,2
B00170M2D0,3.6666666666666665,0.75,0.5833333333333334,0.5833333333333334,12
B00178U3CY,3.75,0.9,0.9,0.9,20
B0017HEY8Y,5.0,1.0,1.0,1.0,1
B0017IVHOW,5.0,1.0,1.0,1.0,2
B00180OU66,3.6666666666666665,0.8333333333333334,0.6666666666666666,0.6666666666666666,6
B00185J7KA,4.0,0.8461538461538461,0.9230769230769231,0.9230769230769231,13
B0018PH3K6,4.076923076923077,0.8461538461538461,0.7692307692307693,0.7692307692307693,13
B0018Z5C54,2.5,0.5,1.0,1.0,2
B00192QNXQ,2.5555555555555554,0.3333333333333333,0.1111111111111111,0.1111111111111111,9
B00199PPOM,3.0,1.0,1.0,1.0,1
B0019F02W6,4.083333333333333,0.9166666666666666,0.8333333333333334,0.8333333333333334,24
B0019F02WG,4.25,1.0,1.0,1.0,4
B0019M7KT2,4.45,0.9,0.85,0.85,20
B0019M7KTC,4.4,1.0,0.4,0.4,5
B0019RP6KC,3.5098039215686274,0.803921568627451,0.39215686274509803,0.39215686274509803,51
B001A7X0XG,2.9701986754966887,0.5761589403973509,0.24834437086092714,0.24834437086092714,302
B001AD6UJ6,5.0,1.0,1.0,1.0,1
B001AQT0VI,4.707602339181286,0.9941520467836257,0.8362573099415205,0.8362573099415205,171
B001AS0NU8,3.0,1.0,1.0,1.0,1
B001AXTYPI,4.923076923076923,1.0,0.6153846153846154,0.6153846153846154,13
B001AYMMK6,4.0,1.0,1.0,1.0,1
B001AYMMKQ,4.0,1.0,1.0,1.0,1
B001B8TUGU,5.0,1.0,1.0,1.0,2
B001B9YBSQ,5.0,1.0,0.0,0.0,2
B001C0NMWK,5.0,1.0,1.0,1.0,1
B001CCMLR0,3.0,1.0,1.0,1.0,1
B001CE9DAG,2.6666666666666665,0.3333333333333333,0.0,0.0,3
B001CMZJUG,4.0,1.0,1.0,1.0,1
B001CUB9J8,3.0,1.0,0.0,0.0,1
B001D3GJ0S,2.875,0.625,0.375,0.375,8
B001DBQAZY,4.933333333333334,1.0,1.0,1.0,15
B001DCE514,4.0,1.0,1.0,1.0,3
B001DDY6NA,4.0,1.0,1.0,1.0,1
B001DDY6NU,4.0,1.0,1.0,1.0,1
B001DXC3EE,5.0,1.0,1.0,1.0,5
B001E6JCBC,4.36734693877551,0.9387755102040817,0.8979591836734694,0.8979591836734694,49
B001ED3JJG,1.5,0.0,0.0,0.0,2
B001EI5BWE,4.583333333333333,1.0,0.9166666666666666,0.9166666666666666,12
B001ELC6FG,2.1666666666666665,0.3611111111111111,0.08333333333333333,0.08333333333333333,72
B001ENWSAC,4.714285714285714,0.9285714285714286,0.8571428571428571,0.8571428571428571,14
B001ESNH52,5.0,1.0,1.0,1.0,1
B001FB55HQ,3.4381188118811883,0.7277227722772277,0.44801980198019803,0.44801980198019803,404
B001G4ANCY,4.666666666666667,1.0,1.0,1.0,3
B001GBPZRU,4.074074074074074,0.9259259259259259,0.7407407407407407,0.7407407407407407,27
B001HXDQAU,2.4285714285714284,0.5714285714285714,0.14285714285714285,0.14285714285714285,7
B001I7HLTW,3.0,0.6,0.5,0.5,10
B001IDSZ1O,4.414634146341464,0.975609756097561,0.7682926829268293,0.7682926829268293,82
B001ILFUD2,4.486486486486487,0.9864864864864865,0.8783783783783784,0.8783783783783784,74
B001ILFUDM,4.560975609756097,0.9547038327526133,0.8745644599303136,0.8745644599303136,287
B001ILFUDW,3.6842105263157894,0.7368421052631579,0.6842105263157895,0.6842105263157895,19
B001IT2942,3.3333333333333335,0.8333333333333334,1.0,1.0,6
B001IT294C,3.8333333333333335,0.8333333333333334,0.8333333333333334,0.8333333333333334,6
B001J1K5IG,4.098484848484849,0.8636363636363636,0.8257575757575758,0.8257575757575758,132
B001J3NF54,3.0,1.0,1.0,1.0,1
B001J88VJY,5.0,1.0,1.0,1.0,2
B001JPC4N6,3.96875,0.84375,0.875,0.875,32
B001KNAI2Q,4.181818181818182,0.8484848484848485,0.6515151515151515,0.6515151515151515,66
B001KX504W,4.5,1.0,1.0,1.0,4
B001L2DTXG,4.117647058823529,0.8823529411764706,0.5294117647058824,0.5294117647058824,17
B001LMU1A0,4.853658536585366,1.0,0.975609756097561,0.975609756097561,41
B001LNWSMS,2.75,0.5,0.5,0.5,4
B001LOY1IG,4.2592592592592595,0.8888888888888888,0.8703703703703703,0.8703703703703703,54
B001M4154S,4.666666666666667,1.0,1.0,1.0,3
B001MBE63I,4.352941176470588,0.9411764705882353,0.9411764705882353,0.9411764705882353,17
B001MWUWS0,4.777777777777778,1.0,0.7777777777777778,0.7777777777777778,9
B001MWUWSA,5.0,1.0,0.0,0.0,1
B001MWUWSK,4.75,1.0,0.75,0.75,4
B001N3B32M,3.388888888888889,0.8055555555555556,0.5555555555555556,0.5555555555555556,36
B001N8Z8K0,3.5,0.6666666666666666,0.5,0.5,6
B001NA60A0,4.372549019607843,0.9019607843137255,0.8235294117647058,0.8235294117647058,102
B001NFNFMQ,4.783950617283951,0.9876543209876543,0.625,0.625,648
B001NRPR9S,5.0,1.0,0.0,0.0,1
B001NZWEI2,4.6,1.0,1.0,1.0,5
B001NZWEIC,3.0,1.0,1.0,1.0,1
B001OASRAA,5.0,1.0,1.0,1.0,2
B001OFSK3E,4.183333333333334,0.9333333333333333,0.525,0.525,120
B001OKQ7BG,4.5673076923076925,0.9326923076923077,0.8269230769230769,0.8269230769230769,104
B001OKUREO,3.22,0.725,0.57,0.57,200
B001OMT62Q,5.0,1.0,1.0,1.0,1
B001P24UZI,2.0,0.0,0.0,0.0,1
B001P7JVJS,3.8333333333333335,0.8333333333333334,1.0,1.0,6
B001PHA6PQ,4.875,1.0,0.625,0.625,8
B001PPLJN6,1.5,0.0,0.25,0.25,4
B001PPLJNQ,3.5,1.0,0.5,0.5,2
B001PTA34I,3.909090909090909,1.0,0.7272727272727273,0.7272727272727273,11
B001PTP3J8,5.0,1.0,1.0,1.0,1
B001QB5SCM,3.99290780141844,0.900709219858156,0.7730496453900709,0.7730496453900709,141
B001QVG86C,4.666666666666667,1.0,1.0,1.0,6
B001R10BKU,4.5,1.0,0.5,0.5,2
B001RNH7RI,3.53125,0.75,0.78125,0.78125,32
B001T46TUG,4.461538461538462,0.9615384615384616,0.8076923076923077,0.8076923076923077,26
B001T89LXO,4.196078431372549,0.9607843137254902,0.8431372549019608,0.8431372549019608,51
B001T89LXY,4.6,1.0,0.85,0.85,20
B001TGV882,2.923076923076923,0.5641025641025641,0.39316239316239315,0.39316239316239315,117
B001TK29GS,5.0,1.0,1.0,1.0,1
B001U5S2WM,4.375,0.875,0.8333333333333334,0.8333333333333334,24
B001UHXL5S,1.5,0.0,0.0,0.0,2
B001VYX91G,3.0,0.5,1.0,1.0,2
B001XXJQDU,4.0,1.0,0.5,0.5,2
B001YU7XQO,3.75,0.75,0.75,0.75,8
B0021542BK,4.5,1.0,0.75,0.75,4
B0023S4A12,3.7,1.0,0.6,0.6,10
B00242KDEK,4.5,1.0,1.0,1.0,4
B0024NSG2U,5.0,1.0,1.0,1.0,2
B00281DXKS,4.0,1.0,1.0,1.0,1
B00284BV9A,4.0,1.0,1.0,1.0,1
B00284EM3C,4.475,0.95,0.925,0.925,40
B00284EM3M,4.0,1.0,1.0,1.0,1
B00284EMI2,4.333333333333333,1.0,1.0,1.0,3
B00284EMIM,2.857142857142857,0.5714285714285714,0.2857142857142857,0.2857142857142857,7
B0028O34N6,4.0,1.0,1.0,1.0,2
B002AJLMNS,3.5,0.5,0.5,0.5,2
B002B7CFR6,4.428571428571429,0.9523809523809523,0.6190476190476191,0.6190476190476191,21
B002B900BM,3.5,1.0,1.0,1.0,2
B002BAXBNU,5.0,1.0,1.0,1.0,1
B002BVUBO6,4.545454545454546,0.9090909090909091,1.0,1.0,11
B002C6VMHU,2.5,0.5,1.0,1.0,2
B002CWKTZA,5.0,1.0,1.0,1.0,2
B002CWWN0Y,4.333333333333333,1.0,0.3333333333333333,0.3333333333333333,3
B002DPRW1U,1.0,0.0,0.0,0.0,1
B002EEAJXI,4.333333333333333,1.0,0.3333333333333333,0.3333333333333333,3
B002EWD0IG,5.0,1.0,1.0,1.0,2
B002F4YG4K,4.714285714285714,1.0,1.0,1.0,7
B002FCAQJG,4.741935483870968,1.0,1.0,1.0,31
B002FLZKAM,2.875,0.5416666666666666,0.8333333333333334,0.8333333333333334,24
B002G4RDAI,3.0,1.0,1.0,1.0,1
B002I2PI1Y,5.0,1.0,0.0,0.0,1
B002IRYYK0,2.4,0.6,0.0,0.0,5
B002JN74XW,4.0,1.0,1.0,1.0,1
B002JVX0JG,4.5,1.0,0.75,0.75,4
B002KBA750,4.416666666666667,0.9583333333333334,0.6666666666666666,0.6666666666666666,24
B002KBG4TS,5.0,1.0,1.0,1.0,1
B002KFPMBA,4.0,1.0,0.5,0.5,2
B002KLQ2XG,4.2,1.0,0.7,0.7,10
B002KPPEYA,4.0,1.0,0.0,0.0,1
B002L5GDZI,3.0,0.6875,0.0625,0.0625,16
B002LEJQNA,3.0,1.0,0.0,0.0,1
B002LSIAQ0,3.25,0.5,0.25,0.25,4
B002LSIAQU,3.8181818181818183,1.0,0.36363636363636365,0.36363636363636365,11
B002NE4HAU,5.0,1.0,1.0,1.0,3
B002NEWO96,3.0,1.0,1.0,1.0,1
B002OHDRF2,3.4381188118811883,0.7277227722772277,0.44801980198019803,0.44801980198019803,404
B002P9K9SM,4.833333333333333,1.0,1.0,1.0,6
B002P9K9SW,5.0,1.0,1.0,1.0,14
B002PAD2HG,4.592592592592593,0.9259259259259259,1.0,1.0,27
B002PBP8HW,4.625,0.9583333333333334,0.7291666666666666,0.7291666666666666,48
B002PM8PZS,5.0,1.0,1.0,1.0,1
B002PSXS54,4.516129032258065,1.0,0.8709677419354839,0.8709677419354839,31
B002SI7UCI,3.75,0.75,0.75,0.75,4
B002SL4LQ8,1.0,0.0,0.0,0.0,4
B002SRWNPI,3.3333333333333335,0.6666666666666666,1.0,1.0,3
B002SVTBFO,4.416666666666667,1.0,0.9166666666666666,0.9166666666666666,24
B002TK03YW,3.5,0.5,1.0,1.0,2
B002TV20LA,4.0,0.8235294117647058,0.8235294117647058,0.8235294117647058,17
B002TV20LK,4.0,1.0,1.0,1.0,1
B002U0Y6Y4,3.0,0.5,0.0,0.0,2
B002U607HS,5.0,1.0,0.0,0.0,1
B002UIGMYS,4.814814814814815,1.0,0.9629629629629629,0.9629629629629629,27
B002VL2PTU,4.736920777279522,0.9626307922272048,0.9387144992526159,0.9387144992526159,669
B002W7IH0Y,4.8,1.0,1.0,1.0,10
B002WKRSVA,5.0,1.0,1.0,1.0,1
B002Y5FKUE,3.7241379310344827,0.7586206896551724,0.896551724137931,0.896551724137931,29
B002YA07RA,4.75,1.0,1.0,1.0,4
B002YJMMBA,3.71484375,0.80078125,0.6328125,0.6328125,256
B002YKY9QK,2.5555555555555554,0.5555555555555556,0.2222222222222222,0.2222222222222222,9
B0030FT96S,5.0,1.0,1.0,1.0,1
B0030N1Z8K,5.0,1.0,1.0,1.0,1
B0030U1THU,2.6666666666666665,0.6666666666666666,0.0,0.0,3
B0030ZIZQI,4.148936170212766,0.851063829787234,0.723404255319149,0.723404255319149,47
B0030ZOYW2,4.333333333333333,1.0,1.0,1.0,3
B00319HT9C,4.794117647058823,0.9705882352941176,0.9117647058823529,0.9117647058823529,34
B00319HT9M,4.0,0.8,1.0,1.0,5
B00319HT9W,4.552941176470588,0.9764705882352941,0.8941176470588236,0.8941176470588236,85
B0031Z5RWC,1.0,0.0,0.0,0.0,1
B0031Z5RWW,3.0,1.0,1.0,1.0,2
B00344EANW,4.0,0.75,0.75,0.75,4
B00347AGH8,3.5,0.5,0.5,0.5,2
B0034ZDUK0,1.0,0.0,1.0,1.0,1
B00351U934,4.803030303030303,1.0,0.9545454545454546,0.9545454545454546,66
B0035AO4WC,4.58,0.94,0.76,0.76,50
B0035YKW0Q,3.5,0.75,0.375,0.375,8
B0036BDQ38,5.0,1.0,1.0,1.0,4
B0036DBMMI,4.25,1.0,0.75,0.75,4
B0036Q2RR4,5.0,1.0,1.0,1.0,1
B00379MVEO,3.0,0.5,0.0,0.0,2
B0038NBM6C,2.642857142857143,0.5,0.07142857142857142,0.07142857142857142,14
B0038QJ74S,5.0,1.0,1.0,1.0,1
B0039QEAIU,2.875,0.5,0.625,0.625,16
B003A02O38,4.642857142857143,1.0,0.7142857142857143,0.7142857142857143,14
B003AI2VGA,2.857142857142857,0.7142857142857143,0.7142857142857143,0.7142857142857143,7
B003B2PQXU,1.0,0.0,0.0,0.0,2
B003BEE7C4,4.0,1.0,0.0,0.0,1
B003BGZ60Y,4.607142857142857,1.0,0.8571428571428571,0.8571428571428571,28
B003BM374K,3.966666666666667,0.85,0.8,0.8,60
B003BRYA9G,5.0,1.0,1.0,1.0,3
B003BUAP10,5.0,1.0,1.0,1.0,3
B003BV8IBI,5.0,1.0,1.0,1.0,1
B003C5FN6Q,2.6666666666666665,0.6666666666666666,0.3333333333333333,0.3333333333333333,3
B003CJNFGM,5.0,1.0,1.0,1.0,1
B003CJUWVI,3.7,0.8,0.5,0.5,10
B003CRM6PA,4.41764705882353,0.9176470588235294,0.6588235294117647,0.6588235294117647,170
B003DBEX6K,3.806709265175719,0.7747603833865815,0.5686900958466453,0.5686900958466453,626
B003DQOS8S,1.0,0.0,1.0,1.0,1
B003E1QC1S,3.75,0.875,0.8125,0.8125,16
B003E4B0F8,3.6666666666666665,0.6666666666666666,0.6666666666666666,0.6666666666666666,3
B003F41T2Q,3.310344827586207,0.6206896551724138,0.4827586206896552,0.4827586206896552,29
B003GAB2LW,3.0,1.0,0.0,0.0,1
B003GC47YY,5.0,1.0,1.0,1.0,1
B003HE4FBG,4.5,1.0,1.0,1.0,4
B003HIA9LW,4.0,1.0,1.0,1.0,3
B003ICXC02,4.3,1.0,0.8,0.8,10
B003IMERAQ,3.5,0.5,1.0,1.0,2
B003IOB6SK,3.8666666666666667,0.7333333333333333,0.8,0.8,15
B003IYZ46A,2.0,0.0,1.0,1.0,1
B003JFEIJC,2.84,0.52,0.12,0.12,25
B003K4Y7NO,3.6666666666666665,0.8333333333333334,0.5,0.5,6
B003KM8U8O,3.608695652173913,0.7391304347826086,0.391304347826087,0.391304347826087,23
B003LSZFUI,4.590909090909091,0.9545454545454546,0.9545454545454546,0.9545454545454546,22
B003NEQ74S,4.065217391304348,0.8695652173913043,0.7608695652173914,0.7608695652173914,46
B003O5MN1C,4.928571428571429,1.0,0.8571428571428571,0.8571428571428571,28
B003ODKZXW,4.875,1.0,0.75,0.75,8
B003PX4S9I,4.301204819277109,0.9156626506024096,0.6385542168674698,0.6385542168674698,83
B003QVVJY6,5.0,1.0,1.0,1.0,1
B003QWVPT4,3.9166666666666665,0.8055555555555556,0.6944444444444444,0.6944444444444444,108
B003QWVPTE,4.777777777777778,1.0,0.8888888888888888,0.8888888888888888,9
B003RLEWOY,3.0,1.0,0.0,0.0,1
B003SHYJJ0,3.1728395061728394,0.6666666666666666,0.5802469135802469,0.5802469135802469,81
B003SHYYM2,4.422680412371134,0.9278350515463918,0.8865979381443299,0.8865979381443299,97
B003U6SJX6,4.571428571428571,1.0,0.8571428571428571,0.8571428571428571,7
B003U6SJXQ,3.2261904761904763,0.6666666666666666,0.5119047619047619,0.5119047619047619,84
B003UAMWWQ,4.387878787878788,0.9515151515151515,0.7212121212121212,0.7212121212121212,165
B003UESJEM,3.9391304347826086,0.9217391304347826,0.7478260869565218,0.7478260869565218,115
B003UESJEW,3.9391304347826086,0.9217391304347826,0.7478260869565218,0.7478260869565218,115
B003VHELLI,5.0,1.0,1.0,1.0,1
B003WF4574,4.0,1.0,1.0,1.0,1
B003X3BYJW,4.666666666666667,1.0,0.6666666666666666,0.6666666666666666,3
B003XKQ62A,4.5,1.0,0.75,0.75,4
B003XQ2WS6,5.0,1.0,1.0,1.0,1
B003Y5GMNC,4.2,0.92,0.6,0.6,25
B003Y5PF80,4.3924050632911396,0.9620253164556962,0.9620253164556962,0.9620253164556962,79
B003Y7YUOS,5.0,1.0,0.0,0.0,1
B003YBHZ28,4.125,0.75,1.0,1.0,8
B003YKDPAA,4.555555555555555,0.8888888888888888,0.8888888888888888,0.8888888888888888,9
B003ZG3GAM,5.0,1.0,1.0,1.0,1
B003ZXDOW0,3.3333333333333335,1.0,0.0,0.0,3
B003ZZ7TT2,5.0,1.0,1.0,1.0,2
B004097IKW,3.75,0.8333333333333334,0.9166666666666666,0.9166666666666666,12
B0040OY9ZE,3.5,0.5,0.5,0.5,2
B0041EX170,3.6,0.6,0.8,0.8,5
B0041FZQPE,3.7,0.7333333333333333,0.8,0.8,30
B0041KKZH8,4.486486486486487,0.918918918918919,0.7567567567567568,0.7567567567567568,37
B0041KT3P8,3.2016129032258065,0.6209677419354839,0.4838709677419355,0.4838709677419355,124
B0041QSZG0,5.0,1.0,1.0,1.0,1
B0041VEZVY,2.875,0.5,0.125,0.125,16
B0041XQRR2,4.297872340425532,0.851063829787234,0.8723404255319149,0.8723404255319149,47
B0042800WE,4.03125,0.8125,0.75,0.75,64
B0042AH2I2,1.6666666666666667,0.3333333333333333,0.0,0.0,3
B0042KZJN2,4.833333333333333,1.0,0.6666666666666666,0.6666666666666666,6
B0042W0BQA,5.0,1.0,1.0,1.0,1
B0042W131W,2.5,0.5,0.0,0.0,2
B0042W2IT8,1.8,0.2,0.2,0.2,5
B0042YY542,3.4,0.6,0.8,0.8,5
B00433TOWA,2.0,0.0,0.0,0.0,1
B0044WQIM4,2.8181818181818183,0.5454545454545454,0.36363636363636365,0.36363636363636365,11
B0045TOM6K,2.5,0.5,0.5,0.5,2
B0045V6FRC,3.8620689655172415,0.7241379310344828,0.6896551724137931,0.6896551724137931,29
B00475E0A0,5.0,1.0,1.0,1.0,7
B0048FQFLG,3.7142857142857144,0.8571428571428571,0.8571428571428571,0.8571428571428571,7
B0048KQQC4,4.157894736842105,0.8947368421052632,0.7894736842105263,0.7894736842105263,19
B004916TQA,3.9,0.8,0.4,0.4,10
B0049FFVGU,4.0,0.8888888888888888,0.7222222222222222,0.7222222222222222,36
B0049IHX36,2.0,0.0,0.0,0.0,1
B004AR4WA8,5.0,1.0,1.0,1.0,1
B004AX5J5E,3.75,0.75,0.75,0.75,8
B004BAO4CK,5.0,1.0,1.0,1.0,1
B004BF0DMU,4.0,1.0,1.0,1.0,1
B004BH1TN0,4.444444444444445,1.0,1.0,1.0,9
B004D7SB5M,4.0,1.0,1.0,1.0,1
B004EFBRMC,4.172413793103448,0.8620689655172413,0.7931034482758621,0.7931034482758621,29
B004EPYZQ2,3.601713062098501,0.7644539614561028,0.556745182012848,0.556745182012848,467
B004EPYZQM,4.327338129496403,0.8884892086330936,0.7230215827338129,0.7230215827338129,278
B004G5PZ00,4.833333333333333,1.0,1.0,1.0,6
B004G6ZPX6,4.0,0.75,0.75,0.75,4
B004GIV40W,5.0,1.0,1.0,1.0,1
B004GIZX3Q,4.0,1.0,1.0,1.0,8
B004H8X2ZQ,3.5185185185185186,0.7777777777777778,0.5555555555555556,0.5555555555555556,27
B004HRDMHK,4.425,0.975,0.4125,0.4125,80
B004I0EX8I,4.333333333333333,1.0,0.6666666666666666,0.6666666666666666,3
B004I6I2KC,3.4166666666666665,0.75,0.75,0.75,12
B004J0DQS0,4.5,1.0,0.75,0.75,4
B004LB5FE0,4.5,1.0,1.0,1.0,10
B004LB5FEA,4.2,1.0,1.0,1.0,5
B004LB5FEK,4.0,1.0,1.0,1.0,1
B004LKGUPO,5.0,1.0,1.0,1.0,3
B004LVTT9W,5.0,1.0,1.0,1.0,5
B004M7N40U,3.382978723404255,0.7021276595744681,0.23404255319148937,0.23404255319148937,47
B004M8SRHY,3.9166666666666665,0.8333333333333334,0.75,0.75,12
B004MFBJ04,5.0,1.0,1.0,1.0,1
B004P7CME6,4.0,0.75,0.25,0.25,4
B004QSQMGS,2.857142857142857,0.42857142857142855,0.2857142857142857,0.2857142857142857,7
B004R10MA6,4.649193548387097,0.9637096774193549,0.7741935483870968,0.7741935483870968,248
B004R6VHPK,1.5384615384615385,0.23076923076923078,0.15384615384615385,0.15384615384615385,13
B004RAJ1D6,5.0,1.0,1.0,1.0,2
B004RDKV46,4.470588235294118,1.0,0.7058823529411765,0.7058823529411765,17
B004S8UU4G,5.0,1.0,1.0,1.0,1
B004S8UU4Q,3.6,0.8,0.6,0.6,5
B004SCMGSU,4.666666666666667,1.0,0.9285714285714286,0.9285714285714286,42
B004SIP6BI,4.484732824427481,0.9580152671755725,0.9007633587786259,0.9007633587786259,262
B004TJRD94,5.0,1.0,1.0,1.0,1
B004TKKXAY,3.727272727272727,0.7272727272727273,1.0,1.0,11
B004TPJN2S,4.487179487179487,0.9743589743589743,0.8461538461538461,0.8461538461538461,39
B004TPTFZI,3.4,0.7333333333333333,0.4,0.4,15
B004TWOX26,4.6,1.0,1.0,1.0,5
B004ULNJOO,3.0,1.0,1.0,1.0,1
B004USUOX6,4.3478260869565215,0.8695652173913043,0.9130434782608695,0.9130434782608695,23
B004VGH63I,5.0,1.0,1.0,1.0,2
B004WSATRK,5.0,1.0,1.0,1.0,2
B004X4ROPS,3.7,0.8,0.7,0.7,10
B004XSHQRU,5.0,1.0,1.0,1.0,2
B004XSUBE0,1.0,0.0,0.0,0.0,1
B004XWGZAU,3.7142857142857144,0.8571428571428571,0.8571428571428571,0.8571428571428571,7
B004ZVHSBY,4.0,1.0,0.0,0.0,1
B004ZWHZUC,4.5,1.0,1.0,1.0,2
B004ZXW2PE,1.0,0.0,0.0,0.0,2
B00502BGMO,5.0,1.0,1.0,1.0,1
B0050GCJO4,5.0,1.0,1.0,1.0,2
B0050QNO2K,4.0,1.0,1.0,1.0,2
B0050XU11U,4.0,1.0,1.0,1.0,1
B0051WTN32,3.4285714285714284,0.7142857142857143,0.8571428571428571,0.8571428571428571,7
B0051ZIXMQ,2.958904109589041,0.6575342465753424,0.2465753424657534,0.2465753424657534,73
B005245E2I,4.666666666666667,1.0,1.0,1.0,3
B0052IBFMW,5.0,1.0,1.0,1.0,1
B0052LZQ2O,1.0,0.0,0.0,0.0,1
B0053O6Y9E,4.0,1.0,0.5,0.5,2
B0054PSXXM,3.142857142857143,0.7142857142857143,0.14285714285714285,0.14285714285714285,7
B0059JU0YS,2.3333333333333335,0.3333333333333333,0.3333333333333333,0.3333333333333333,3
B005AZHGRU,1.0,0.0,0.0,0.0,1
B005B5PD92,4.0,1.0,0.6666666666666666,0.6666666666666666,3
B005C2TKLQ,3.0,0.6666666666666666,0.6666666666666666,0.6666666666666666,6
B005CXOGAU,4.676470588235294,0.9411764705882353,1.0,1.0,34
B005DVIPXA,3.533333333333333,0.7333333333333333,0.6444444444444445,0.6444444444444445,45
B005EP7HX4,3.6666666666666665,0.8333333333333334,0.6666666666666666,0.6666666666666666,6
B005FIXA6S,5.0,1.0,1.0,1.0,1
B005G5PNOW,4.714285714285714,1.0,0.8571428571428571,0.8571428571428571,7
B005GLHO48,4.230769230769231,0.8461538461538461,0.7692307692307693,0.7692307692307693,13
B005KCA33C,4.0,1.0,1.0,1.0,1
B005LAJ22Q,4.591623036649215,0.9397905759162304,0.7225130890052356,0.7225130890052356,382
B005LXWYKU,3.8461538461538463,0.9230769230769231,0.9230769230769231,0.9230769230769231,13
B005QB2JR0,4.285714285714286,1.0,1.0,1.0,7
B005UYF7KY,4.05,0.875,0.825,0.825,40
B005VMWOW4,4.5,1.0,0.5,0.5,2
B005WVUM1E,3.4285714285714284,0.7142857142857143,0.42857142857142855,0.42857142857142855,7
B005Z9MGQW,5.0,1.0,1.0,1.0,1
B005ZMBBR4,3.0,0.5833333333333334,0.5416666666666666,0.5416666666666666,24
B005ZMBBRY,3.0,0.5833333333333334,0.5416666666666666,0.5416666666666666,24
B0060D30PI,3.3125,0.625,0.6875,0.6875,16
B0060ZNFVK,3.5,1.0,1.0,1.0,2
B0062ABXLM,4.0,1.0,1.0,1.0,1
B0062MI5KM,3.3333333333333335,1.0,0.0,0.0,3
B0063FGFCS,3.4545454545454546,0.8181818181818182,0.9090909090909091,0.9090909090909091,11
B00652U6LU,4.0,1.0,1.0,1.0,1
B0065PVKH6,5.0,1.0,1.0,1.0,2
B00687XNZS,5.0,1.0,1.0,1.0,10
B006A0R638,4.4375,0.9375,0.8125,0.8125,16
B006A9XTYY,2.975609756097561,0.5365853658536586,0.5365853658536586,0.5365853658536586,41
B006FYGF8Q,4.477124183006536,0.9215686274509803,0.8758169934640523,0.8758169934640523,153
B006GHA9QQ,3.7621951219512195,0.774390243902439,0.8292682926829268,0.8292682926829268,164
B006HG141A,1.0,0.0,0.0,0.0,1
B006HNRSFE,5.0,1.0,1.0,1.0,5
B006JIUN2W,5.0,1.0,1.0,1.0,1
B006MQ0GQE,4.2,0.8,0.6,0.6,5
B006MWA8O8,4.0,0.782608695652174,0.7391304347826086,0.7391304347826086,23
B006NO1SV2,5.0,1.0,1.0,1.0,4
B006NO1SVM,5.0,1.0,1.0,1.0,4
B006OIW2NA,4.1826923076923075,0.8846153846153846,0.7788461538461539,0.7788461538461539,104
B006QF0SDM,5.0,1.0,1.0,1.0,6
B006QFIK8M,5.0,1.0,1.0,1.0,1
B006QUF0QW,4.186046511627907,0.9534883720930233,0.8604651162790697,0.8604651162790697,43
B006R9CBOG,4.8,1.0,1.0,1.0,25
B006RXQ6FM,4.098214285714286,0.8794642857142857,0.8794642857142857,0.8794642857142857,224
B006UANE8E,5.0,1.0,1.0,1.0,2
B006WDECNK,1.0,0.0,0.0,0.0,1
B006YSHAU0,5.0,1.0,1.0,1.0,1
B006Z21ZEW,4.638888888888889,0.9722222222222222,0.7222222222222222,0.7222222222222222,36
B0070225F4,5.0,1.0,1.0,1.0,1
B0071AD95K,4.888888888888889,1.0,0.8888888888888888,0.8888888888888888,9
B0071AD9KK,4.878787878787879,1.0,0.9393939393939394,0.9393939393939394,33
B0072V6PPE,4.368421052631579,0.9234449760765551,0.7990430622009569,0.7990430622009569,209
B00742GOP2,2.6153846153846154,0.46153846153846156,0.15384615384615385,0.15384615384615385,13
B0076XTH8K,3.0,0.8181818181818182,0.2727272727272727,0.2727272727272727,11
B0076Z4BBG,5.0,1.0,1.0,1.0,6
B00775YIO0,4.166666666666667,0.9166666666666666,1.0,1.0,12
B0077T5SS6,5.0,1.0,1.0,1.0,6
B00782O82Y,5.0,1.0,0.75,0.75,4
B0078V2LCY,3.5,1.0,1.0,1.0,2
B007ATHNHC,4.0,1.0,0.5,0.5,2
B007C7V4BS,5.0,1.0,1.0,1.0,1
B007CU8PAI,2.92,0.6,0.04,0.04,25
B007EMEOEA,3.75,1.0,0.75,0.75,4
B007H52KA4,1.6666666666666667,0.3333333333333333,0.0,0.0,3
B007HCF5AE,1.0,0.0,0.0,0.0,1
B007HJ9QMA,3.9655172413793105,0.8620689655172413,0.5172413793103449,0.5172413793103449,29
B007HOQ574,4.666666666666667,1.0,0.6666666666666666,0.6666666666666666,3
B007I39G3O,1.4,0.2,0.2,0.2,5
B007K7IBJ8,3.6666666666666665,0.6666666666666666,0.6666666666666666,0.6666666666666666,3
B007K7IBJI,5.0,1.0,0.5,0.5,2
B007KCVDFM,5.0,1.0,0.6666666666666666,0.6666666666666666,6
B007LPX9VY,5.0,1.0,1.0,1.0,2
B007NF02Q2,1.0,0.0,0.0,0.0,1
B007OWUZE8,4.5,1.0,0.8333333333333334,0.8333333333333334,6
B007PZ6STK,3.5,1.0,0.5,0.5,2
B007RQP5W8,5.0,1.0,1.0,1.0,1
B007SDTKD0,1.0,0.0,0.0,0.0,1
B007TYI7RI,5.0,1.0,1.0,1.0,2
B007UK703S,5.0,1.0,1.0,1.0,1
B007XF0X4I,2.9555555555555557,0.6222222222222222,0.5333333333333333,0.5333333333333333,45
B0080JT9PK,1.0,0.0,0.0,0.0,1
B00819ZCP0,3.4285714285714284,0.7428571428571429,0.42857142857142855,0.42857142857142855,35
B00827OWSO,4.777777777777778,1.0,1.0,1.0,45
B00831T3JW,3.2857142857142856,0.8571428571428571,0.8571428571428571,0.8571428571428571,7
B0083SI986,4.475471698113208,0.9188679245283019,0.8509433962264151,0.8509433962264151,530
B008474ZX4,4.5,1.0,0.5,0.5,2
B008494LJU,3.5,1.0,1.0,1.0,2
B0084YBB16,4.0,1.0,0.0,0.0,1
B0085KGGLY,3.8214285714285716,0.7857142857142857,0.8928571428571429,0.8928571428571429,28
B0086460CY,4.166666666666667,1.0,0.5,0.5,6
B00870YR7M,5.0,1.0,1.0,1.0,1
B0087ZG7RK,4.778947368421052,0.968421052631579,0.8526315789473684,0.8526315789473684,95
B0088QNUUK,5.0,1.0,0.0,0.0,1
B0088VQ0V6,3.5,1.0,0.0,0.0,2
B0088W2LC2,3.0,0.6666666666666666,0.3333333333333333,0.3333333333333333,3
B0089VX0W2,4.0,1.0,1.0,1.0,1
B008BSM1EG,2.7142857142857144,0.42857142857142855,0.2857142857142857,0.2857142857142857,7
B008CN092G,4.46875,0.90625,0.8125,0.8125,32
B008CPAX16,3.0,0.6666666666666666,0.6666666666666666,0.6666666666666666,6
B008FPU7AA,3.3333333333333335,0.75,0.8333333333333334,0.8333333333333334,12
B008GQWZF8,4.808510638297872,1.0,0.9574468085106383,0.9574468085106383,47
B008H5VFU4,4.0,1.0,0.5,0.5,2
B008H6GHEW,4.8,1.0,0.8,0.8,10
B008H6GHL0,4.260869565217392,0.8695652173913043,0.5507246376811594,0.5507246376811594,69
B008IG09KE,4.0,1.0,1.0,1.0,3
B008IG0F7G,4.0,1.0,1.0,1.0,5
B008JAG4GW,4.0588235294117645,0.8823529411764706,0.8235294117647058,0.8235294117647058,17
B008LYCDW0,5.0,1.0,1.0,1.0,1
B008M34Y72,3.375,0.8125,0.5625,0.5625,16
B008NNY8CW,3.3333333333333335,1.0,1.0,1.0,3
B008Q00I2Q,3.946969696969697,0.8333333333333334,0.5,0.5,132
B008R52L48,1.0,0.0,1.0,1.0,1
B008R52L4I,4.0,1.0,0.0,0.0,1
B008ROG898,4.428571428571429,1.0,0.7142857142857143,0.7142857142857143,7
B008SAPAYA,4.833333333333333,1.0,1.0,1.0,6
B008SAPAYU,5.0,1.0,1.0,1.0,1
B008UO5U9E,4.102941176470588,0.9338235294117647,0.6397058823529411,0.6397058823529411,136
B008X1O7KM,4.237864077669903,0.9077669902912622,0.5679611650485437,0.5679611650485437,206
B008YKQC6E,5.0,1.0,1.0,1.0,2
B00925T8YI,5.0,1.0,1.0,1.0,1
B0092MDYV4,3.0,0.5,0.375,0.375,8
B00932ADHQ,3.272727272727273,0.9090909090909091,0.45454545454545453,0.45454545454545453,11
B0094MOQ0K,4.0,0.9285714285714286,0.8571428571428571,0.8571428571428571,14
B0095D5454,3.7468354430379747,0.8164556962025317,0.6835443037974683,0.6835443037974683,158
B0096RC57O,4.5,1.0,1.0,1.0,4
B0098VXA5O,3.9411764705882355,1.0,0.4117647058823529,0.4117647058823529,17
B0099VUXCQ,1.0,0.0,1.0,1.0,1
B009B6XA1U,4.846153846153846,0.9615384615384616,0.8461538461538461,0.8461538461538461,26
B009CI66OA,5.0,1.0,1.0,1.0,1
B009CWWCYO,1.0,0.0,0.0,0.0,1
B009D0AZI0,5.0,1.0,1.0,1.0,3
B009HNDF3K,3.3,0.72,0.56,0.56,50
B009K37SUS,2.5,0.5,1.0,1.0,2
B009M8EA3Y,5.0,1.0,1.0,1.0,1
B009N4Z9XW,3.0,1.0,1.0,1.0,1
B009QW6BXS,4.023255813953488,0.9069767441860465,0.8372093023255814,0.8372093023255814,43
B009RAF860,4.333333333333333,1.0,0.6666666666666666,0.6666666666666666,3
